AWAY_NAME,HOME_NAME,AWAY_GamesWon,AWAY_GamesLost,HOME_GamesWon,HOME_GamesLost,HOMEvsAWAY_winRatio,AWAY_longestWinStreak,AWAY_longestLoseStreak,HOME_longestWinStreak,HOME_longestLoseStreak,finalScoreDifferential,HOME_win
CLE,BOS,0,0,0,0,0,0,0,0,0,5,False
MIL,CHI,0,0,0,0,0,0,0,0,0,13,False
POR,LAL,0,0,0,0,0,0,0,0,0,20,False
ATL,ORL,0,0,0,0,0,0,0,0,0,14,True
DEN,UTA,0,0,0,0,0,0,0,0,0,4,False
IND,DET,0,0,0,0,0,0,0,0,0,6,False
LAL,LAC,0,1,0,0,0,0,1,0,0,38,True
MEM,HOU,0,0,0,0,0,0,0,0,0,11,False
MIA,NY,0,0,0,0,0,0,0,0,0,5,False
MIL,OKC,1,0,0,0,0,1,0,0,0,11,True
NJ,WAS,0,0,0,0,0,0,0,0,0,10,True
NO,GS,0,0,0,0,0,0,0,0,0,5,True
PHO,SA,0,0,0,0,0,0,0,0,0,5,True
SAC,MIN,0,0,0,0,0,0,0,0,0,2,False
TOR,PHI,0,0,0,0,0,0,0,0,0,11,True
CHA,CLE,0,0,1,0,0,0,0,1,0,17,False
HOU,DAL,0,1,0,0,0,0,1,0,0,10,True
NO,PHO,0,1,0,1,0,0,1,0,1,13,True
CHI,BOS,0,1,0,1,0,0,1,0,1,16,False
DEN,LAC,1,0,1,0,0,1,0,1,0,19,True
GS,TOR,1,0,0,1,0,1,0,0,1,12,True
NY,PHI,0,1,1,0,0,0,1,1,0,29,False
ORL,MEM,1,0,1,0,0,1,0,1,0,2,False
SA,POR,1,0,1,0,0,1,0,1,0,1,False
SAC,MIA,1,0,1,0,0,1,0,1,0,26,False
BOS,IND,0,2,1,0,0,0,2,1,0,16,False
CLE,NO,1,1,0,2,0,1,1,0,2,12,False
DAL,MIN,1,0,0,1,0,1,0,0,1,10,True
GS,NJ,1,1,0,1,0,1,1,0,1,8,True
LAC,UTA,2,0,0,1,0,2,0,0,1,22,False
LAL,DEN,0,2,1,1,0,0,2,1,1,7,True
MEM,CHI,1,1,1,1,0,1,1,1,1,10,False
MIA,CHA,1,1,1,0,0,1,1,1,0,13,False
OKC,HOU,1,0,0,2,0,1,0,0,2,12,False
PHI,ATL,1,1,0,1,0,1,1,0,1,7,False
POR,PHO,1,1,1,1,0,1,1,1,1,11,False
SAC,ORL,2,0,2,0,0,2,0,2,0,18,False
TOR,MIL,1,1,1,1,0,1,1,1,1,4,True
WAS,DET,1,0,0,1,0,1,0,0,1,8,False
MIL,NY,2,1,1,1,0,1,1,1,1,8,True
MIN,OKC,1,1,2,0,0,1,1,2,0,3,False
CHI,ORL,1,2,2,1,0,1,1,2,1,3,False
CLE,DAL,2,1,1,1,0,1,1,1,1,19,True
DET,CHA,0,2,1,1,0,0,2,1,1,18,True
GS,MEM,1,2,2,1,0,1,2,1,1,11,False
SAC,PHI,3,0,2,1,0,3,0,1,1,34,False
UTA,LAC,0,2,3,0,1.0,0,2,3,0,16,True
BOS,HOU,1,2,0,3,0,1,2,0,3,4,True
DAL,SA,2,1,2,0,0,1,1,2,0,17,True
PHO,NJ,1,2,1,1,0,1,1,1,1,28,True
ATL,NO,0,2,0,3,0,0,2,0,3,8,True
BOS,OKC,1,3,2,1,0,1,2,2,1,13,True
CHA,NY,2,1,2,1,0,1,1,2,1,3,False
CHI,CLE,2,2,2,2,0,1,1,1,1,14,False
DEN,GS,2,1,2,2,0,1,1,1,2,10,False
DET,TOR,0,3,1,2,0,0,3,1,1,7,True
LAC,LAL,4,0,0,3,-1.0,4,0,0,3,18,False
MEM,SAC,2,2,4,0,0,1,1,4,0,5,False
PHI,MIA,2,2,2,1,0,1,1,1,1,23,False
PHO,IND,1,3,1,1,0,1,2,1,1,10,True
POR,UTA,2,1,0,3,0,1,1,0,3,7,False
SA,MIN,3,0,2,1,0,3,0,2,1,23,True
WAS,MIL,2,0,2,2,0,2,0,1,1,6,True
HOU,POR,1,3,3,1,0,1,3,2,1,9,True
PHI,ORL,3,2,2,2,0,1,1,2,2,10,False
DAL,DEN,2,2,3,1,0,1,1,2,1,3,False
DET,NJ,0,4,2,1,0,0,4,2,1,7,False
HOU,LAC,1,4,5,0,0,1,3,5,0,9,True
IND,CLE,2,1,2,3,0,1,1,1,2,4,False
MEM,GS,3,2,2,3,1.0,1,1,1,2,5,True
MIA,SA,2,2,3,1,0,1,1,3,1,16,True
MIL,BOS,3,2,1,4,0,1,1,1,2,12,False
MIN,SAC,3,1,4,1,1.0,3,1,4,1,12,False
NO,CHA,1,3,3,1,0,1,3,2,1,3,False
NY,WAS,2,2,2,1,0,2,1,2,1,6,True
OKC,UTA,3,1,0,4,0,2,1,0,4,7,False
PHO,CHI,1,4,3,2,0,1,3,2,1,17,False
TOR,ATL,2,2,0,3,0,1,1,0,3,18,False
CLE,CHI,2,4,3,3,1.0,1,3,2,1,9,True
MIA,NO,2,3,2,3,0,1,2,2,3,11,False
MIN,POR,4,1,4,1,0,4,1,3,1,4,False
NJ,IND,2,2,3,1,0,2,1,2,1,18,False
PHO,MIL,2,4,4,2,0,1,3,2,1,8,True
WAS,ORL,3,1,2,3,0,2,1,2,3,25,False
ATL,OKC,0,4,4,1,0,0,4,2,1,4,True
BOS,DET,1,5,1,4,0,1,3,1,4,12,True
DAL,LAC,3,2,6,0,0,1,1,6,0,11,False
GS,SAC,3,3,4,2,0,1,2,4,2,17,False
HOU,LAL,1,5,0,4,0,1,3,0,4,29,False
MEM,DEN,3,3,3,2,0,1,1,2,1,10,False
TOR,CHA,3,2,3,2,0,2,1,2,1,10,True
UTA,NY,0,5,2,3,0,0,5,2,2,8,False
MEM,PHO,4,3,2,5,0,1,1,1,3,5,False
NJ,MIA,3,2,3,3,0,2,1,1,2,5,False
OKC,IND,5,1,3,2,0,3,1,2,1,8,False
POR,ORL,4,2,2,4,0,3,1,2,4,7,True
TOR,BOS,3,3,1,6,0,2,1,1,4,7,False
ATL,CHI,0,5,4,3,0,0,5,2,1,5,True
DEN,CHA,3,3,4,2,0,2,2,2,1,8,True
DET,SAC,2,4,4,3,0,2,4,4,3,8,True
LAL,DAL,0,5,4,2,0,0,5,2,1,7,True
MIL,CLE,5,2,2,5,0,3,1,1,4,6,False
MIN,GS,5,1,4,3,0,5,1,2,2,4,True
NY,SA,2,4,4,1,0,2,3,3,1,12,False
UTA,PHI,1,5,4,2,0,1,5,2,1,13,True
ATL,BOS,0,6,1,7,0,0,6,1,5,1,False
HOU,PHO,2,5,2,6,0,1,3,1,3,12,True
IND,NJ,3,3,4,2,1.0,2,2,2,1,11,True
LAL,NO,0,6,2,4,0,0,6,2,3,7,True
NY,MEM,3,4,5,3,0,2,3,2,1,29,True
ORL,OKC,3,4,6,1,0,2,4,4,1,17,True
PHI,TOR,5,2,4,3,-1.0,3,1,2,1,10,True
POR,MIA,4,3,3,4,0,3,2,1,2,8,True
SA,MIL,4,2,6,2,0,3,1,4,1,4,False
SAC,LAC,5,3,6,1,0,4,3,6,1,5,True
UTA,WAS,1,6,4,1,0,1,5,2,1,8,False
DAL,CHI,5,2,5,3,0,3,1,2,1,7,False
DEN,CLE,3,4,2,6,0,2,3,1,5,11,False
DET,GS,2,5,5,3,0,2,4,3,2,5,True
ATL,NJ,1,6,5,2,0,1,6,3,1,7,False
DEN,BOS,4,4,1,8,0,2,3,1,6,9,True
DET,LAL,2,6,0,7,0,2,4,0,7,11,True
HOU,SA,2,6,5,2,0,1,3,3,1,2,False
MIL,MEM,6,3,6,3,0,4,1,3,1,14,True
OKC,NY,7,1,3,5,0,5,1,2,3,10,False
ORL,DAL,3,5,6,2,0,2,4,4,1,2,True
PHI,IND,5,3,3,4,0,3,1,2,3,2,True
PHO,SAC,3,6,5,4,0,1,3,4,3,11,True
POR,NO,4,4,3,4,0,3,3,2,3,5,False
UTA,CHA,2,6,5,2,0,1,5,2,1,8,False
WAS,MIA,4,2,4,4,0,2,1,1,2,20,False
BOS,MIL,2,8,6,4,1.0,1,6,4,2,9,True
GS,LAC,6,3,7,1,0,4,2,6,1,18,True
IND,CHI,4,4,5,4,0,2,3,2,1,13,False
NJ,ATL,5,3,2,6,1.0,3,1,2,6,12,True
NO,HOU,3,5,3,6,0,2,3,1,3,9,False
OKC,PHI,8,1,5,4,0,6,1,3,2,25,False
POR,MIN,5,4,5,2,1.0,3,3,5,1,5,True
UTA,CLE,3,6,2,7,0,2,5,1,6,12,False
DAL,NY,7,2,3,6,0,5,1,2,3,12,True
DET,PHO,2,7,3,7,0,2,4,1,3,18,False
MIA,TOR,4,5,5,3,0,1,2,2,1,11,False
MIN,DEN,6,2,4,5,0,5,1,2,3,6,False
ORL,CHA,3,6,5,3,0,2,4,2,1,5,True
SA,SAC,5,3,6,4,0,3,1,4,3,2,True
HOU,OKC,3,7,9,1,1.0,1,3,7,1,11,True
PHO,UTA,3,8,4,6,0,1,3,3,5,12,False
SA,LAC,5,4,8,1,0,3,2,6,1,3,True
ATL,IND,3,6,5,4,0,3,6,2,3,17,False
CHI,LAL,5,5,1,7,0,2,2,1,7,7,False
CLE,NJ,2,8,5,4,0,1,7,3,2,24,True
DAL,CHA,7,3,6,3,0,5,1,2,1,17,True
MIA,WAS,5,5,5,2,1.0,1,2,2,1,7,True
MIL,DEN,7,4,4,6,0,4,2,2,3,9,False
NY,BOS,4,6,2,9,0,2,3,1,6,9,False
POR,GS,5,5,6,4,0,3,3,4,2,5,False
SAC,MEM,7,4,7,3,1.0,4,3,4,1,15,False
TOR,ORL,5,4,3,7,0,2,1,2,4,13,False
CHI,POR,6,5,6,5,0,2,2,3,3,42,False
CLE,DET,2,9,3,7,0,1,8,2,4,7,False
DAL,HOU,7,4,3,8,-1.0,5,2,1,3,10,True
DEN,SA,4,7,5,5,0,2,3,3,3,10,True
LAC,OKC,9,1,10,1,0,6,1,8,1,20,True
MIL,UTA,8,4,4,7,0,4,2,3,5,11,False
PHI,MIN,5,5,7,2,0,3,3,5,1,6,False
SAC,NO,8,4,4,5,0,4,3,2,3,9,True
TOR,MIA,6,4,5,6,1.0,2,1,1,2,6,True
WAS,ATL,6,2,4,6,0,2,1,4,6,4,False
DET,BOS,3,8,2,10,-1.0,2,4,1,6,18,False
LAL,PHO,1,8,4,8,0,1,7,1,3,13,True
BOS,MIN,2,11,7,3,0,1,6,5,1,17,True
CHA,ATL,7,3,4,7,0,2,1,4,6,5,False
CHI,GS,7,5,6,5,0,2,2,4,2,5,True
DEN,LAL,4,8,1,9,-1.0,2,4,1,7,14,False
HOU,WAS,4,8,7,2,0,1,3,3,1,12,True
LAC,PHI,9,2,6,5,0,6,1,3,3,1,False
MEM,DAL,7,4,7,5,0,4,1,5,3,15,False
NJ,TOR,6,4,6,5,0,3,2,2,1,18,True
NO,OKC,5,5,11,1,0,2,3,9,1,25,True
NY,MIL,5,6,9,4,-1.0,2,3,4,2,17,False
ORL,IND,3,8,5,5,0,2,4,2,3,9,True
POR,SAC,6,6,8,5,0,3,3,4,3,21,True
UTA,SA,4,8,6,5,0,3,5,3,3,25,False
ATL,CLE,4,8,3,9,0,4,6,1,8,14,False
HOU,ORL,4,9,3,9,0,1,3,2,5,5,True
IND,MIA,6,5,6,6,0,2,3,1,2,9,False
LAC,NJ,10,2,6,5,0,6,1,3,2,17,False
MIL,CHA,9,5,8,3,0,4,2,3,1,5,True
OKC,NO,12,1,5,6,-1.0,10,1,2,3,12,False
POR,PHO,6,7,5,8,-1.0,3,3,2,3,10,False
UTA,MEM,5,8,8,4,0,3,5,4,1,9,True
WAS,NY,8,2,6,6,-1.0,4,1,3,3,5,False
BOS,TOR,2,12,7,5,1.0,1,6,2,1,15,True
CHI,DEN,7,6,5,8,0,2,2,2,4,13,False
GS,PHI,7,5,6,6,0,4,2,3,3,8,False
MIN,DET,8,3,4,8,0,5,1,2,4,26,True
SAC,LAL,9,5,1,10,0,4,3,1,7,10,False
CHI,UTA,8,6,5,9,0,2,2,3,5,1,True
HOU,MIA,4,10,6,7,0,1,3,1,2,9,True
MIL,ORL,9,6,4,9,0,4,2,2,5,7,False
NO,LAC,5,7,11,2,0,2,3,6,1,12,True
PHI,CHA,6,7,9,3,0,3,3,4,1,9,False
SA,MEM,6,6,9,4,0,3,3,4,1,13,True
SAC,POR,10,5,7,7,-1.0,4,3,3,3,1,False
CLE,NY,3,10,6,7,0,1,8,3,3,18,True
GS,WAS,8,5,9,2,0,4,2,5,1,24,False
IND,DAL,7,5,7,6,0,2,3,5,4,3,False
NJ,LAL,6,6,1,11,0,3,2,1,7,27,False
PHO,OKC,5,9,13,1,0,2,3,11,1,1,True
CHA,TOR,9,4,8,5,-1.0,4,1,2,1,7,False
CHI,SA,8,7,6,7,0,2,2,3,3,10,False
DEN,LAC,5,9,12,2,1.0,2,4,6,1,1,True
GS,BOS,9,5,2,13,0,4,2,1,6,8,False
IND,HOU,8,5,4,11,0,3,3,1,3,1,True
MEM,UTA,10,4,6,9,-1.0,4,1,3,5,17,False
MIA,POR,7,7,7,8,-1.0,1,2,3,3,38,False
MIL,ATL,10,6,5,8,0,4,2,4,6,6,False
NJ,SAC,7,6,11,5,0,3,2,4,3,11,True
NY,DET,7,7,5,8,0,3,3,2,4,14,False
OKC,CLE,14,1,3,11,0,12,1,1,8,35,False
ORL,PHI,4,10,7,7,1.0,2,5,3,3,2,True
PHO,MIN,5,10,8,4,0,2,3,5,1,8,True
NO,DEN,5,8,5,10,0,2,3,2,4,4,True
ORL,WAS,4,11,9,3,1.0,2,5,5,1,15,True
ATL,TOR,5,9,8,6,1.0,4,6,2,1,5,False
CHA,IND,10,4,8,6,0,4,1,3,3,16,True
DAL,LAL,7,7,1,12,-1.0,5,5,1,7,7,False
GS,CLE,10,5,3,12,0,4,2,1,8,15,False
MEM,SA,11,4,6,8,-1.0,4,1,3,3,11,False
MIA,PHO,8,7,5,11,0,2,2,2,3,15,True
MIL,DET,11,6,5,9,0,4,2,2,4,10,False
MIN,OKC,9,4,15,1,-1.0,5,1,13,1,2,True
NO,POR,5,9,7,9,1.0,2,4,3,3,15,False
PHI,BOS,8,7,2,14,0,3,3,1,6,24,False
SAC,UTA,12,5,6,10,0,4,3,3,5,26,False
ATL,WAS,6,9,10,3,1.0,4,6,5,1,4,True
BOS,CHA,2,15,10,5,0,1,7,4,1,5,True
CLE,MIL,3,13,12,6,1.0,1,8,4,2,12,True
DAL,SAC,8,7,13,5,0,5,5,5,3,23,True
DEN,MIN,6,10,9,5,1.0,2,4,5,1,9,True
GS,NY,11,5,8,7,0,5,2,3,3,13,False
IND,ORL,9,6,4,12,-1.0,3,3,2,5,14,False
MIA,LAC,8,8,13,2,0,2,2,6,1,1,False
NJ,UTA,7,7,6,11,0,3,2,3,5,17,True
OKC,MEM,16,1,12,4,0,14,1,5,1,8,True
SA,HOU,6,9,5,11,1.0,3,4,1,3,19,False
CHI,PHI,9,7,9,7,0,2,2,3,3,11,True
HOU,DEN,5,12,6,11,0,1,3,2,4,10,False
NJ,PHO,7,8,6,11,-1.0,3,2,2,3,8,True
POR,DET,7,10,5,10,0,3,3,2,4,11,True
TOR,LAL,8,7,1,13,0,2,2,1,7,13,False
MIA,GS,9,8,12,5,0,2,2,6,2,15,True
MIN,CHA,10,5,11,5,0,5,1,4,1,10,False
ORL,BOS,4,13,2,16,0,2,5,1,8,19,False
DET,SA,6,10,7,9,0,2,4,3,4,12,True
LAC,DAL,13,3,8,8,1.0,6,1,5,5,2,False
LAL,IND,1,14,10,6,0,1,7,3,3,1,False
PHI,CHI,10,7,9,8,-1.0,4,3,2,2,13,True
POR,NY,7,11,8,8,0,3,4,3,3,7,True
TOR,DEN,9,7,6,12,0,2,2,2,4,39,False
UTA,SAC,7,11,14,5,1.0,3,5,6,3,5,True
WAS,NJ,11,3,7,9,-1.0,5,1,3,3,20,True
CHI,MIL,10,8,13,6,1.0,2,2,4,2,7,False
IND,BOS,10,7,2,17,1.0,3,3,1,9,18,False
LAC,HOU,14,3,6,12,-1.0,6,1,1,3,7,False
LAL,PHI,2,14,10,8,0,1,7,4,3,12,True
MEM,ATL,13,4,6,10,0,6,1,4,6,10,False
MIA,UTA,9,9,7,12,0,2,2,3,5,4,True
MIN,ORL,11,5,5,13,0,5,1,2,5,11,False
NY,CLE,9,8,3,14,-1.0,3,3,1,8,36,False
OKC,CHA,16,2,11,6,0,14,1,4,1,6,False
PHO,NO,7,11,6,9,-1.0,2,3,2,4,13,False
POR,WAS,7,12,11,4,0,3,5,5,1,6,True
PHO,DAL,8,11,8,9,0,3,3,5,5,15,False
SA,DEN,8,9,6,13,-1.0,3,4,2,4,17,True
CHA,MIL,11,7,13,7,-1.0,4,2,4,2,5,False
GS,HOU,13,5,6,13,0,7,2,1,3,19,False
IND,CLE,11,7,3,15,-1.0,3,3,1,8,24,False
LAC,MEM,15,3,14,4,0,6,1,7,1,12,False
LAL,WAS,2,15,12,4,0,1,7,5,1,2,True
MIN,NJ,12,5,8,9,0,5,1,3,3,29,False
NY,ATL,10,8,6,11,0,3,3,4,6,3,False
OKC,ORL,17,2,5,14,-1.0,14,1,2,5,9,False
PHI,DET,11,8,6,11,0,4,3,2,4,5,True
POR,BOS,7,13,2,18,0,3,6,1,10,15,False
TOR,UTA,10,7,8,12,0,2,2,3,5,27,False
ATL,DAL,6,12,8,10,0,4,6,5,5,2,False
CLE,CHA,3,16,12,7,1.0,1,8,4,2,20,True
DEN,SAC,7,13,15,5,0,2,4,7,3,33,True
GS,SA,14,5,8,10,0,8,2,3,4,35,False
LAC,MIN,16,3,13,5,0,6,1,5,1,23,True
MEM,NO,14,5,6,10,0,7,1,2,4,19,False
NJ,PHI,8,10,11,9,0,3,3,4,3,11,True
OKC,MIA,18,2,9,10,0,14,1,2,2,6,False
UTA,PHO,8,13,9,11,1.0,3,5,4,3,2,False
WAS,CHI,13,4,11,8,0,5,1,2,2,7,False
BOS,IND,2,19,12,7,0.0,1,11,3,3,17,True
DET,NY,7,11,11,8,1.0,2,4,3,3,12,False
MIL,LAL,13,8,2,16,0,4,2,1,7,13,False
POR,TOR,8,13,11,7,0,3,6,3,2,1,True
CHA,MIA,13,7,9,11,1.0,4,2,2,3,4,False
GS,OKC,15,5,19,2,0,9,2,14,1,10,True
HOU,MEM,6,14,15,5,1.0,1,3,7,1,12,False
ORL,LAC,5,15,16,4,0,2,5,6,1,7,True
ATL,HOU,7,12,7,14,0,4,6,1,3,8,False
DET,WAS,8,11,14,4,1.0,2,4,5,1,13,False
LAL,SAC,2,17,16,5,1.0,1,7,8,3,12,False
MIL,PHO,14,8,9,12,-1.0,4,2,4,3,15,False
NY,CHI,11,9,11,9,0,3,3,2,2,5,False
ORL,POR,5,16,8,14,-1.0,2,5,3,6,1,True
SA,DAL,8,11,8,11,-1.0,3,4,5,5,26,True
TOR,CLE,12,7,3,17,0,4,2,1,8,20,False
UTA,MIN,9,13,14,5,0,3,5,5,1,3,True
ATL,SA,8,12,8,12,0,4,6,3,4,6,False
CHA,NO,14,7,6,11,1.0,4,2,2,4,16,False
CLE,PHI,3,18,12,9,0,1,9,4,3,8,True
IND,TOR,13,7,13,7,0,3,3,5,2,13,False
MEM,OKC,15,6,20,2,-1.0,7,1,14,1,6,True
MIL,GS,15,8,15,6,0,4,2,9,2,23,False
MIN,DEN,15,5,7,14,-1.0,6,1,2,4,11,False
NY,NJ,12,9,8,11,0,3,3,3,3,12,True
PHO,LAL,9,13,3,17,-1.0,4,3,1,7,5,False
BOS,WAS,2,20,14,5,0,1,12,5,1,34,True
CHA,DAL,15,7,9,11,-1.0,4,2,5,5,5,False
POR,UTA,9,14,9,14,-1.0,3,6,3,5,9,False
ATL,MIA,9,12,9,12,0,4,6,2,4,14,True
CHI,MEM,11,10,15,7,1.0,2,2,7,2,7,False
HOU,GS,7,15,15,7,1.0,1,3,9,2,11,True
IND,DET,14,7,9,11,-1.0,4,3,3,4,4,False
LAC,POR,17,4,10,14,0,6,1,3,6,23,True
NO,BOS,6,12,2,21,0,2,4,1,13,12,False
ORL,PHO,5,17,10,13,0,2,5,4,3,1,False
PHI,CLE,13,9,3,19,-1.0,4,3,1,10,16,False
SA,MIN,8,13,16,5,1.0,3,4,7,1,12,True
SAC,LAL,16,6,3,18,0.0,8,3,1,7,9,False
TOR,NJ,13,8,9,11,-1.0,5,2,3,3,22,True
CLE,ATL,3,20,9,13,1.0,1,11,4,6,5,False
DET,CHA,9,12,16,7,1.0,3,4,5,2,4,True
GS,DEN,16,7,7,15,1.0,9,2,2,4,18,False
HOU,LAC,7,16,17,5,1.0,1,3,6,1,13,False
IND,MIL,15,7,16,8,0,5,3,4,2,18,False
NJ,CHI,10,11,12,10,0,3,3,2,2,9,False
NY,SAC,12,10,17,6,0,3,3,8,3,24,True
OKC,DAL,21,2,9,12,0,14,1,5,5,4,False
ORL,UTA,6,17,9,15,0,2,5,3,5,9,True
WAS,PHI,15,5,14,9,0,5,1,4,3,15,False
MIA,MEM,10,12,15,8,0,2,4,7,3,16,False
MIN,LAL,17,5,3,19,0,8,1,1,7,12,False
NO,TOR,7,12,13,9,0,2,4,5,2,8,True
OKC,SA,22,2,8,14,0,14,1,3,5,5,False
CHA,ATL,17,7,9,14,-1.0,6,2,4,6,4,False
DEN,DAL,7,16,9,13,1.0,2,4,5,5,10,True
IND,WAS,16,7,16,5,0,6,3,5,1,20,True
MIL,MIA,16,9,11,12,0,4,2,2,4,15,True
MIN,SAC,18,5,18,6,0.0,9,1,8,3,15,False
NJ,TOR,11,11,14,9,0.0,3,3,5,2,7,True
NY,PHO,12,11,10,14,0,3,3,4,3,8,False
ORL,GS,6,18,17,7,0,2,5,9,2,11,True
UTA,BOS,10,15,2,22,0,3,5,1,14,9,False
CHI,CHA,12,11,18,7,0,2,2,7,2,7,True
DEN,HOU,7,17,8,16,1.0,2,4,1,3,12,False
LAC,OKC,17,6,23,2,1.0,6,2,14,1,10,True
NO,MEM,7,13,15,9,1.0,2,4,7,4,7,True
NY,LAL,13,11,3,20,0,3,3,1,7,2,False
SAC,POR,18,7,11,14,-1.0,8,3,3,6,32,False
BOS,ATL,2,23,9,15,1.0,1,15,4,6,3,True
CLE,MIN,4,20,19,5,0,1,11,10,1,23,True
DAL,TOR,10,13,15,9,0,5,5,5,2,10,True
GS,IND,18,7,16,8,0,9,2,6,3,7,False
LAC,CHI,17,7,12,12,0,6,3,2,2,3,True
MIL,PHI,16,10,14,10,0,4,2,4,3,5,False
SA,NO,8,15,7,14,0,3,6,2,4,7,False
UTA,NJ,11,15,11,12,-1.0,3,5,3,3,11,True
WAS,DET,17,5,9,13,0.0,5,1,3,4,14,False
PHO,POR,10,15,11,15,1.0,4,3,3,6,5,False
SA,ORL,9,15,6,19,0,3,6,2,5,12,False
CHA,MEM,19,7,16,9,0,8,2,7,4,29,True
CHI,BOS,13,12,2,24,-1.0,2,2,1,16,18,False
CLE,DEN,4,21,8,17,1.0,1,11,2,4,17,True
DAL,NJ,10,14,12,12,0,5,5,3,3,24,False
GS,ATL,19,7,10,15,0,9,2,4,6,16,False
LAC,IND,17,8,16,9,0,6,4,6,3,20,True
LAL,MIA,3,21,12,12,0,1,7,3,4,2,False
MIL,NY,17,10,14,11,1.0,4,2,3,3,24,True
PHI,WAS,14,11,18,5,1.0,4,3,5,1,6,True
SAC,HOU,19,7,8,17,0,8,3,1,3,11,False
TOR,OKC,16,9,24,2,0,5,2,14,1,8,False
UTA,DET,11,16,9,14,0,3,5,3,4,22,True
DEN,PHO,9,17,11,15,0,2,4,4,3,7,False
GS,CHA,20,7,19,8,0,9,2,8,2,7,True
HOU,MIN,8,18,20,5,0,1,3,11,1,7,True
IND,PHI,17,9,14,12,-1.0,6,3,4,3,1,True
LAC,MIL,17,9,17,11,0,6,5,4,2,34,False
LAL,ORL,4,21,6,20,0,1,7,2,5,3,False
MIA,NJ,12,13,12,13,1.0,3,4,3,3,3,True
SAC,NO,20,7,7,15,1.0,8,3,2,4,9,False
TOR,SA,17,9,10,15,0,5,2,3,6,10,False
UTA,CHI,11,17,14,12,-1.0,3,5,2,2,8,False
CLE,OKC,4,22,24,3,1.0,1,11,14,1,11,True
DAL,WAS,11,14,19,5,0,5,5,5,1,11,True
DET,ATL,10,14,10,16,0,3,4,4,6,7,False
NY,BOS,15,11,2,25,-1.0,3,3,1,17,19,False
GS,ORL,20,8,6,21,-1.0,9,2,2,5,32,False
HOU,NJ,8,19,13,13,0,1,3,3,3,23,True
LAL,MEM,5,21,17,9,0,2,7,7,4,9,True
POR,DEN,11,16,10,17,0,3,6,3,4,8,False
SAC,SA,21,7,10,16,-1.0,8,3,3,6,16,False
TOR,LAC,18,9,18,9,0,5,2,6,5,22,True
CHI,DET,14,13,11,14,0,2,2,3,4,6,False
DEN,POR,10,18,12,16,1.0,3,4,3,6,9,False
GS,MIA,21,8,12,14,-1.0,9,2,3,4,8,False
HOU,CLE,8,20,4,23,0,1,4,1,11,9,False
LAL,NO,5,22,7,16,1.0,2,7,2,4,13,True
MEM,DAL,18,9,11,15,-1.0,7,4,5,5,18,False
MIN,SA,21,5,10,17,-1.0,12,1,3,6,6,False
NJ,IND,14,13,17,10,-1.0,3,3,6,3,1,True
OKC,ATL,25,3,10,17,-1.0,14,1,4,6,11,False
PHI,BOS,15,12,2,26,-1.0,4,3,1,18,19,False
UTA,MIL,12,17,17,12,1.0,3,5,4,2,8,False
WAS,CHA,20,5,20,8,0,6,1,8,2,8,False
BOS,LAL,2,27,5,23,0,1,19,2,7,9,False
DAL,POR,11,16,12,17,0,5,5,3,6,8,True
NO,ORL,8,16,6,22,0,2,4,2,5,20,False
SA,PHO,10,18,11,16,-1.0,3,6,4,3,1,True
WAS,CLE,21,5,4,24,0,7,1,1,11,4,False
BOS,GS,3,27,22,8,1.0,1,19,9,2,10,False
CHA,NJ,20,9,14,14,0,8,2,3,3,8,True
CHI,MIA,15,13,12,15,0,2,2,3,4,13,False
DAL,UTA,11,17,13,17,0,5,5,3,5,9,False
HOU,NO,9,20,9,16,1.0,1,4,2,4,9,False
IND,MEM,18,10,19,9,0,6,3,7,4,3,False
MIN,NY,22,5,16,11,0,13,1,4,3,13,True
OKC,DET,26,3,11,15,0,14,1,3,4,2,False
PHI,DEN,16,12,11,18,0,4,3,3,4,4,False
TOR,SAC,18,10,22,7,0,5,2,8,3,6,True
CHI,ATL,16,13,10,18,-1.0,2,2,4,6,12,False
DET,MIL,11,16,17,13,1.0,3,4,4,3,11,True
MEM,SA,19,10,10,19,-1.0,7,4,3,6,13,True
NJ,CHA,15,14,20,10,-1.0,3,3,8,2,18,True
OKC,WAS,27,3,22,5,0,14,1,8,1,9,False
ORL,MIN,6,23,22,6,1.0,2,6,13,1,24,True
TOR,POR,18,11,13,17,-1.0,5,2,3,6,13,False
UTA,HOU,13,18,10,20,0,3,5,2,4,19,True
BOS,SAC,4,27,23,7,0,2,19,8,3,45,True
DAL,LAC,12,17,19,9,0.0,5,5,6,5,22,True
DEN,NY,11,19,17,11,0,3,4,5,3,7,True
GS,LAL,22,9,5,24,0,9,2,2,7,17,False
MIA,CLE,12,16,4,25,0,3,4,1,11,7,False
NO,IND,9,17,19,10,0,2,4,6,3,2,True
CHI,NJ,17,13,15,15,1.0,3,2,3,3,13,True
DEN,ATL,11,20,10,19,0,3,4,4,6,18,False
MEM,MIN,19,11,23,6,0,7,4,13,1,9,True
ORL,DET,6,24,11,17,0,2,7,3,4,6,False
PHI,UTA,17,12,13,19,-1.0,4,3,3,5,17,False
PHO,OKC,12,16,28,3,1.0,4,3,14,1,8,True
TOR,GS,19,11,23,9,-1.0,5,2,9,2,6,False
WAS,HOU,22,6,11,20,-1.0,8,1,3,4,2,True
ATL,IND,10,20,20,10,-1.0,4,6,6,3,6,True
BOS,POR,4,28,13,18,1.0,2,19,3,6,5,False
CLE,MIA,4,26,13,16,1.0,1,11,3,4,9,False
LAC,SAC,20,9,24,7,-1.0,6,5,8,3,2,False
MIL,SA,18,13,11,19,1.0,4,3,3,6,2,True
MIN,DAL,24,6,12,18,-1.0,13,1,5,5,7,False
NY,CHA,18,11,21,10,1.0,6,3,8,2,4,True
PHO,MEM,12,17,19,12,1.0,4,3,7,4,12,True
WAS,NO,22,7,9,18,0,8,2,2,4,12,False
DEN,TOR,12,20,20,11,1.0,3,4,5,2,7,True
GS,OKC,23,10,29,3,1.0,9,2,14,1,7,False
MIL,HOU,18,14,12,20,0,4,3,4,4,4,False
NJ,DET,16,15,11,18,1.0,3,3,3,4,8,False
ORL,CHI,7,24,17,14,1.0,2,7,3,2,19,True
PHI,LAC,18,12,21,9,1.0,4,3,6,5,8,True
ATL,NJ,10,21,17,15,-1.0,4,6,3,3,6,True
CHA,MIL,22,10,19,14,-1.0,8,2,4,3,28,False
CHI,CLE,18,14,5,26,-1.0,3,2,1,11,25,False
DEN,OKC,12,21,29,4,0,3,4,14,1,2,True
GS,MIN,24,10,25,6,-1.0,9,2,13,1,7,False
HOU,TOR,12,21,21,11,0,4,4,5,2,21,False
IND,NY,21,10,18,12,0,6,3,6,3,2,True
LAC,PHO,22,9,12,18,0,6,5,4,3,8,False
MIA,ORL,13,17,7,25,0,3,4,2,7,10,False
NO,POR,9,19,13,19,0.0,2,4,3,6,15,True
PHI,DAL,18,13,12,19,0,4,3,5,5,10,False
SA,MEM,12,19,20,12,0.33,3,6,7,4,11,True
SAC,DET,24,8,11,19,-1.0,8,3,3,5,6,False
UTA,LAL,13,20,5,25,0,3,5,2,7,13,False
WAS,BOS,23,7,5,28,-1.0,8,2,2,19,25,False
HOU,ATL,13,21,10,22,1.0,4,4,4,7,3,False
MIL,CHA,19,15,23,10,1.0,4,3,8,2,10,False
MIN,CHI,25,7,19,14,0,13,1,3,2,10,True
NJ,MIA,18,15,14,17,-1.0,3,3,3,4,11,True
NO,DEN,9,20,12,22,1.0,2,4,3,4,5,False
PHI,SA,19,13,12,20,0,4,3,3,6,2,False
SAC,IND,25,8,21,11,0,8,3,6,3,5,False
BOS,NY,5,29,19,12,1.0,2,19,6,3,12,False
CLE,WAS,5,27,24,7,1.0,1,11,8,2,3,False
DAL,MEM,12,20,21,12,1.0,5,5,7,4,20,False
DET,LAC,11,20,23,9,0,3,6,6,5,1,True
ORL,TOR,7,26,21,12,1.0,2,7,5,2,6,False
POR,LAL,14,19,5,26,-1.0,3,6,2,7,14,False
GS,UTA,25,10,14,20,0,9,2,3,5,5,False
IND,DEN,21,12,12,23,0,6,3,3,4,20,False
SA,MIA,12,21,15,17,-1.0,3,6,3,4,7,True
SAC,NJ,26,8,18,16,-1.0,8,3,3,3,8,False
TOR,MIL,21,13,20,15,1.0,5,2,4,3,10,False
BOS,CHA,6,29,23,11,1.0,2,19,8,2,9,True
HOU,PHI,14,21,20,13,0,4,4,4,3,8,False
LAC,DAL,24,9,13,20,-0.33,7,5,5,5,5,False
MIN,MEM,25,8,21,13,-1.0,13,2,7,4,7,True
NO,LAL,10,20,5,27,-1.0,2,4,2,7,11,True
NY,OKC,19,13,30,4,1.0,6,3,14,1,8,False
SAC,CHI,27,8,20,14,0,8,3,3,2,5,False
WAS,ORL,24,8,8,26,-1.0,8,2,2,7,9,False
CHA,CLE,24,11,6,27,-1.0,8,2,1,11,30,False
DET,POR,11,21,15,19,-1.0,3,7,3,6,1,False
HOU,BOS,15,21,6,30,-1.0,4,4,2,19,4,True
IND,PHO,22,12,12,19,-1.0,6,3,4,3,3,True
LAL,GS,6,27,26,10,1.0,2,7,9,2,8,True
MEM,NJ,22,13,18,17,0,7,4,3,3,11,False
MIA,DEN,16,17,12,24,0,3,4,3,4,11,False
NO,UTA,10,21,14,21,0,2,4,3,5,26,False
OKC,MIN,30,5,25,9,0.0,14,1,13,3,42,False
ORL,ATL,8,27,10,23,-1.0,2,7,4,8,4,True
PHI,MIL,20,14,20,16,1.0,4,3,4,3,5,True
TOR,WAS,22,13,25,8,0,5,2,8,2,6,True
LAC,SA,25,9,12,22,-1.0,8,5,3,6,22,False
NY,DAL,20,13,13,21,-1.0,6,3,5,5,5,False
ATL,ORL,11,23,8,28,0.0,4,8,2,7,34,False
BOS,CLE,7,30,6,28,1.0,2,19,1,11,15,False
CHA,PHI,25,11,20,15,1.0,8,2,4,3,6,False
DAL,PHO,13,22,13,19,1.0,5,5,4,3,28,False
DET,DEN,12,21,12,25,0,3,7,3,5,3,True
HOU,OKC,15,22,31,5,1.0,4,4,14,1,2,True
IND,LAL,22,13,6,28,1.0,6,3,2,7,2,False
LAC,NO,26,9,11,21,-1.0,9,5,2,4,27,False
MEM,TOR,23,13,22,14,0,7,4,5,2,21,False
MIA,SAC,17,17,28,8,1.0,4,4,8,3,15,True
NJ,MIL,18,18,21,16,0,3,3,4,3,2,False
WAS,CHI,26,8,20,15,-1.0,8,2,3,2,12,False
CHA,WAS,26,11,27,8,1.0,8,2,8,2,3,True
DET,UTA,12,22,14,22,-1.0,3,7,3,5,17,False
GS,POR,27,10,15,20,1.0,9,2,3,6,13,False
MIL,MIN,21,17,25,10,0,4,3,13,4,2,False
NY,HOU,21,13,15,23,0,6,3,4,4,20,False
OKC,CHI,32,5,20,16,0,14,1,3,2,15,True
BOS,TOR,8,30,22,15,1.0,2,19,5,2,6,True
DAL,SAC,14,22,29,8,1.0,5,5,8,3,7,False
IND,GS,23,13,28,10,1.0,6,3,9,2,3,False
MIA,LAL,17,18,6,29,1.0,4,4,2,7,3,False
ORL,SA,8,29,12,23,1.0,2,7,3,6,7,True
PHI,ATL,20,16,12,23,-1.0,4,3,4,8,15,True
PHO,LAC,13,20,27,9,1.0,4,3,10,5,6,True
IND,UTA,24,13,14,23,0,6,3,3,5,7,False
MIL,WAS,22,17,28,8,-1.0,4,3,8,2,6,True
NY,NO,22,13,11,22,0,6,3,2,4,6,True
OKC,NJ,32,6,19,18,0,14,1,3,3,11,True
POR,CHI,15,21,21,16,1.0,3,6,3,2,14,True
TOR,BOS,23,15,8,31,-1.0,5,2,2,19,16,True
ATL,PHO,13,23,13,21,0,4,8,4,3,5,False
CHA,DET,26,12,13,22,-1.0,8,2,3,7,2,True
CLE,MEM,6,29,24,13,0,1,11,7,4,15,True
DAL,DEN,15,22,13,25,-1.0,5,5,3,5,2,False
LAL,HOU,6,30,15,24,1.0,2,7,4,4,5,True
MIA,MIN,18,18,25,11,0,4,4,13,5,3,True
ORL,SAC,8,30,29,9,1.0,2,7,8,3,32,True
ATL,LAC,14,23,28,9,0,4,8,11,5,17,True
CHI,TOR,22,16,23,16,0,3,2,5,2,4,True
DET,IND,14,22,25,13,1.0,3,7,6,3,13,True
LAL,SA,6,31,13,23,0,2,7,3,6,1,False
MIA,MIL,18,19,22,18,-1.0,4,4,4,3,3,True
NJ,BOS,20,18,9,31,0,3,3,2,19,32,False
NO,DAL,12,22,16,22,0,2,4,5,5,7,True
POR,PHI,15,22,20,17,0,3,6,4,4,21,False
SAC,GS,30,9,28,11,1.0,8,3,9,2,30,True
UTA,OKC,14,24,32,7,1.0,3,5,14,2,21,False
WAS,NY,29,8,22,14,-1.0,8,2,6,3,6,False
CLE,CHI,6,30,22,17,1.0,1,11,3,2,6,True
PHO,DEN,13,22,13,26,1.0,4,3,3,5,10,True
POR,NJ,16,22,21,18,0,3,6,3,3,6,True
ATL,GS,14,24,29,11,1.0,4,8,9,2,5,False
DET,OKC,14,23,32,8,1.0,3,7,14,3,10,False
MIL,SAC,23,18,30,10,0,4,3,8,3,7,True
MIN,PHO,26,11,13,23,-1.0,13,5,4,4,2,True
NO,CLE,12,23,6,31,1.0,2,4,1,11,14,False
NY,WAS,22,15,30,8,1.0,6,3,8,2,7,False
ORL,LAL,8,31,7,31,1.0,2,7,2,7,6,True
SA,PHI,13,24,20,18,1.0,3,6,4,5,22,False
TOR,IND,24,16,26,13,1.0,5,2,6,3,7,False
UTA,MEM,15,24,25,13,1.0,3,5,7,4,10,True
BOS,NJ,9,32,22,18,1.0,2,19,4,3,20,True
MIA,HOU,18,20,16,24,-1.0,4,4,4,4,7,False
MIL,LAC,23,19,29,9,1.0,4,3,12,5,9,False
NO,DET,13,23,15,23,0,2,4,3,7,6,True
ORL,DEN,8,32,14,26,0,2,7,3,5,18,True
PHI,NY,20,19,23,15,1.0,4,6,6,3,10,True
POR,CHA,16,23,26,13,0,3,6,8,2,7,True
SA,CHI,14,24,23,17,1.0,3,6,3,2,5,True
UTA,DAL,15,25,17,22,1.0,3,5,5,5,7,False
MIA,OKC,19,20,32,9,1.0,4,4,14,4,10,True
PHO,TOR,14,23,25,16,0,4,4,5,2,4,True
CHI,NY,24,17,24,15,1.0,3,2,6,3,4,False
CLE,LAL,6,32,8,31,0,1,11,2,7,17,False
DAL,PHI,17,23,20,20,1.0,5,5,4,7,2,True
DEN,HOU,15,26,16,25,0.0,3,5,4,4,2,False
DET,MEM,16,23,26,13,0,3,7,7,4,8,True
IND,NO,26,14,13,24,-1.0,6,3,2,4,3,False
MIL,POR,24,19,16,24,0,4,3,3,6,17,False
MIN,LAC,26,12,29,10,-1.0,13,5,12,5,8,True
PHO,BOS,14,24,9,33,0,4,4,2,19,17,False
SA,CHA,14,25,27,13,0,3,6,8,2,2,True
TOR,ATL,26,16,15,24,0.0,5,2,4,8,3,False
WAS,GS,30,9,29,12,1.0,8,2,9,2,21,False
ATL,CHI,15,25,25,17,1.0,4,8,3,2,3,True
IND,SA,27,14,14,26,0,6,3,3,6,18,False
MIN,UTA,26,13,16,25,-1.0,13,5,3,5,5,False
SAC,DEN,31,10,16,26,-1.0,8,3,3,5,19,False
BOS,MIA,9,34,19,21,0,2,19,4,4,15,True
CLE,POR,7,32,16,25,0,1,11,3,6,6,True
DAL,MIL,17,24,25,19,0,5,5,4,3,34,False
LAL,LAC,8,32,30,10,1.0,2,7,12,5,11,True
MEM,CHA,27,13,28,13,-1.0,7,4,8,2,15,False
NJ,NO,23,18,13,25,0,5,3,2,4,10,False
OKC,GS,33,9,29,13,0.0,14,4,9,2,1,True
PHO,NY,15,24,24,16,1.0,4,4,6,3,5,False
TOR,DET,27,16,16,24,-1.0,5,2,3,7,19,False
UTA,HOU,16,26,16,26,1.0,3,5,4,4,9,False
WAS,SAC,31,9,32,10,0,8,2,8,3,3,True
BOS,ORL,9,35,8,33,1.0,2,19,2,7,10,True
WAS,LAL,31,10,8,33,-1.0,8,2,2,7,20,False
CLE,GS,7,33,30,13,1.0,1,11,9,2,1,True
DAL,DET,18,24,16,25,0,5,5,3,7,21,True
HOU,IND,16,27,28,14,-1.0,4,4,6,3,5,False
MEM,NY,28,13,24,17,-1.0,7,4,6,3,20,False
MIL,ATL,25,20,15,26,-1.0,4,3,4,8,30,False
NJ,SA,24,18,14,27,0,6,3,3,6,3,False
NO,MIN,13,26,27,13,0,2,4,13,5,8,False
OKC,LAC,33,10,31,10,-1.0,14,4,12,5,3,False
PHO,CHA,16,24,28,14,0,4,4,8,2,22,False
TOR,CHI,28,16,26,17,-1.0,5,2,4,2,20,True
CLE,UTA,7,34,17,26,1.0,1,11,3,5,5,True
NJ,MEM,25,18,29,13,1.0,7,3,8,4,11,True
NY,PHI,24,18,21,20,-1.0,6,3,4,7,6,False
ORL,MIA,9,33,20,21,1.0,2,7,4,4,6,False
SAC,MIL,33,10,26,20,-1.0,8,3,4,3,2,False
WAS,POR,32,10,17,25,-1.0,8,2,3,6,13,False
CHA,IND,28,15,28,15,1.0,8,2,6,3,5,False
CHI,MIN,27,17,27,14,-1.0,5,2,13,5,11,True
DAL,BOS,18,25,9,36,0,5,5,2,19,24,False
HOU,DET,17,27,17,25,0,4,4,3,7,3,True
LAC,GS,31,11,31,13,-1.0,12,5,9,2,15,False
PHO,ATL,17,24,15,27,1.0,4,4,4,8,5,True
SA,LAL,14,28,8,34,1.0,3,6,2,7,14,False
SAC,TOR,34,10,28,17,-1.0,8,3,5,2,16,False
UTA,DEN,18,26,16,27,1.0,3,5,3,5,20,False
ATL,MIA,16,27,20,22,1.0,4,8,4,4,16,False
HOU,NY,17,28,25,18,1.0,4,4,6,3,6,False
MIN,MIL,28,14,26,21,1.0,13,5,4,3,7,True
NJ,OKC,25,19,34,10,-1.0,7,3,14,4,9,False
PHI,NO,21,21,14,26,0,4,7,2,4,15,False
PHO,WAS,17,25,33,10,0,4,4,8,2,16,True
POR,LAC,17,26,32,11,-1.0,3,6,12,5,25,True
CHA,LAL,29,15,8,35,0,8,2,2,7,24,True
DEN,MEM,16,28,30,13,1.0,3,5,9,4,15,True
IND,ORL,28,16,10,33,-1.0,6,3,2,7,24,False
SA,UTA,15,28,19,26,1.0,3,6,3,5,6,True
SAC,CLE,35,10,7,35,0,8,3,1,11,7,False
ATL,NY,17,27,25,19,1.0,4,8,6,3,8,False
CHA,POR,29,16,17,27,-1.0,8,2,3,6,14,False
CHI,LAC,27,18,33,11,-1.0,5,2,12,5,20,True
DEN,NO,16,29,14,27,0.0,3,5,2,4,13,False
DET,MIN,18,25,28,15,-1.0,3,7,13,5,9,True
GS,DAL,31,14,19,25,0,9,2,5,5,24,False
MEM,OKC,31,13,34,11,0.0,10,4,14,4,2,True
MIL,IND,27,21,29,16,1.0,4,3,6,3,8,False
PHI,HOU,22,21,18,28,1.0,4,7,4,4,2,True
SAC,BOS,36,10,9,37,-1.0,8,3,2,19,19,False
TOR,NJ,28,18,26,19,-0.33,5,2,7,3,1,True
WAS,MIA,34,10,20,23,-1.0,8,2,4,4,22,False
CLE,ORL,7,36,10,34,0,1,11,2,7,11,False
SA,PHO,15,29,17,26,0.0,3,6,4,4,10,True
BOS,DET,9,38,18,26,1.0,2,19,3,7,8,True
CHA,DEN,30,16,17,29,-1.0,8,2,3,5,11,False
CHI,SAC,27,19,37,10,1.0,5,2,8,3,21,True
GS,NO,32,14,14,28,-1.0,9,2,2,4,4,True
LAC,CLE,34,11,8,36,0,12,5,1,11,17,False
LAL,MIN,9,35,29,15,1.0,2,7,13,5,13,True
MIA,IND,20,24,29,17,1.0,4,4,6,3,11,False
MIL,TOR,28,21,28,19,0.0,4,3,5,3,11,True
NJ,ATL,27,19,18,27,0.33,7,3,4,8,17,False
OKC,UTA,35,11,20,26,0.0,14,4,4,5,20,False
WAS,PHI,35,10,22,22,-1.0,8,2,4,7,10,False
ATL,MIL,18,28,28,22,1.0,4,8,4,3,3,False
CHI,PHO,27,20,18,26,1.0,5,3,4,4,11,True
DAL,MIA,19,26,21,24,0,5,5,4,4,15,True
GS,HOU,32,15,19,28,-1.0,9,2,4,4,17,False
LAC,WAS,35,11,36,10,0,12,5,8,2,12,False
LAL,MEM,9,36,31,14,1.0,2,7,10,4,17,True
NJ,PHI,28,19,22,23,1.0,7,3,4,7,2,True
NO,SA,15,28,15,30,1.0,2,4,3,6,13,False
NY,IND,25,20,29,18,-1.0,6,3,6,3,9,True
UTA,POR,20,27,17,28,1.0,4,5,3,6,14,False
CLE,DET,8,37,19,26,-1.0,1,11,3,7,10,True
MIN,BOS,30,15,9,39,-1.0,13,5,2,19,8,False
OKC,SAC,36,11,38,10,0,14,4,8,3,6,True
ORL,TOR,10,35,29,19,0.0,2,7,5,3,23,True
CHA,UTA,31,16,21,27,1.0,8,2,4,5,19,False
DAL,ORL,19,27,10,36,-1.0,5,5,2,7,10,True
LAC,MIA,36,11,22,24,1.0,12,5,4,4,24,False
LAL,NY,9,37,25,21,1.0,2,7,6,3,9,True
MEM,WAS,32,14,36,11,0,10,4,8,2,16,True
POR,NO,17,29,16,28,-0.33,3,6,2,4,8,True
SA,GS,15,31,33,15,1.0,3,6,9,2,15,True
SAC,PHO,39,10,19,26,-1.0,9,3,4,4,48,False
BOS,PHI,9,40,23,23,1.0,2,19,4,7,1,True
CHI,HOU,27,21,19,29,0,5,4,4,4,7,False
MIL,NJ,28,23,28,20,1.0,4,3,7,3,14,False
MIN,IND,31,15,30,18,0,13,5,6,3,5,True
SA,DEN,15,32,17,30,0.0,3,6,3,5,8,False
TOR,CLE,30,19,8,38,-1.0,5,3,1,11,18,False
ATL,MIN,19,28,31,16,0,4,8,13,5,8,True
CHI,NO,28,21,17,28,0,5,4,3,4,14,True
CLE,NY,8,39,26,21,1.0,1,11,6,3,5,True
DEN,OKC,17,31,36,12,1.0,3,5,14,4,1,True
HOU,MEM,19,30,32,15,0.0,4,4,10,4,11,False
LAC,ORL,37,11,11,36,-1.0,12,5,2,7,29,False
LAL,TOR,9,38,31,19,1.0,2,7,5,3,8,True
MIA,DET,22,25,20,26,0,4,4,3,7,3,False
NJ,WAS,28,21,37,11,0.0,7,3,8,2,27,True
PHO,GS,19,27,34,15,0,4,4,9,2,12,False
POR,DAL,17,30,19,28,-1.0,3,6,5,5,5,False
DAL,UTA,19,29,21,28,0.0,5,5,4,5,28,False
IND,PHI,31,18,24,23,0.0,6,3,4,7,5,False
LAL,BOS,9,39,9,41,1.0,2,7,2,19,9,True
ATL,CHA,19,29,32,16,1.0,4,8,8,2,5,True
BOS,NY,10,41,27,21,0.33,2,19,6,3,10,True
DEN,WAS,17,32,38,11,0,3,5,8,2,21,True
GS,PHO,34,16,20,27,1.0,9,2,4,4,10,False
LAC,MEM,38,11,32,16,-1.0,12,5,10,4,21,True
ORL,IND,11,37,32,18,1.0,2,7,6,3,5,False
POR,OKC,18,30,37,12,0,3,6,14,4,9,False
TOR,NO,32,19,18,28,-1.0,5,3,4,4,9,False
UTA,SAC,21,29,40,10,1.0,4,5,10,3,4,True
CHI,DAL,28,22,20,29,1.0,5,4,5,5,17,True
DEN,NJ,17,33,28,22,0,3,5,7,3,44,False
DET,MIL,20,27,29,23,1.0,3,7,4,3,17,True
LAC,ATL,38,12,19,30,-1.0,12,5,4,8,24,True
MIA,PHI,23,25,24,24,1.0,4,4,4,7,10,False
MIN,HOU,32,16,20,30,-1.0,13,5,4,4,17,False
TOR,MEM,33,19,33,16,1.0,5,3,10,4,8,False
CHA,MIA,33,16,24,25,0.0,8,2,4,4,4,False
IND,WAS,32,19,39,11,1.0,6,3,8,2,2,False
LAL,CLE,9,40,8,40,1.0,2,7,1,11,10,True
MIN,NO,33,16,18,29,1.0,13,5,4,4,4,False
NJ,ORL,28,23,12,37,0,7,4,2,7,17,False
NY,POR,28,21,19,30,-1.0,6,3,3,6,1,False
PHO,DET,20,28,20,28,1.0,4,4,3,7,10,True
SA,BOS,16,32,10,42,0,3,6,2,19,6,True
SAC,OKC,41,10,37,13,-1.0,11,3,14,4,3,False
UTA,GS,21,30,35,16,1.0,4,5,9,2,20,False
HOU,MIL,20,31,30,23,1.0,4,4,4,3,12,False
LAC,CHA,38,13,34,16,0,12,5,8,2,21,False
NO,MEM,18,30,33,17,1.0,4,4,10,4,5,False
PHO,PHI,20,29,24,25,0,4,4,4,7,17,False
CLE,IND,9,40,33,19,1.0,1,11,6,3,1,False
DEN,MIA,18,33,24,26,1.0,3,5,4,4,17,True
DET,CHI,21,28,28,23,1.0,3,7,5,4,5,False
NY,GS,29,21,35,17,1.0,6,3,9,2,17,False
OKC,LAL,37,14,9,41,0,14,4,2,7,7,False
SA,NJ,16,33,29,23,1.0,3,6,7,4,15,True
SAC,DAL,42,10,21,29,0.0,12,3,5,5,18,False
TOR,MIN,34,19,34,16,0,6,3,13,5,8,True
WAS,ATL,39,12,20,30,-1.0,8,2,4,8,21,False
ATL,DET,20,31,22,28,1.0,4,8,3,7,4,True
BOS,NO,11,42,19,30,1.0,2,19,4,4,12,True
DEN,ORL,18,34,12,38,-1.0,3,5,2,7,9,True
IND,MIL,33,20,30,24,0.0,6,3,4,3,12,False
LAL,UTA,9,42,22,30,1.0,2,7,4,5,4,False
MEM,PHI,33,18,24,26,0,10,4,4,7,4,False
NY,LAC,30,21,39,13,0,6,3,12,5,14,True
OKC,POR,38,14,19,31,1.0,14,4,3,6,14,False
PHO,CLE,21,29,10,40,0,4,4,2,11,17,False
SA,TOR,16,34,34,20,1.0,3,6,6,3,2,False
SAC,HOU,43,10,21,31,-1.0,13,3,4,4,12,False
WAS,CHA,40,12,34,17,-1.0,8,2,8,2,12,False
BOS,DAL,11,43,21,30,1.0,2,19,5,5,7,True
MIA,CHI,25,26,28,24,1.0,4,4,5,4,2,True
POR,GS,19,32,35,18,0.0,3,6,9,2,7,False
ATL,LAL,20,32,10,42,0,4,8,2,7,13,False
CHA,ORL,34,18,13,38,-1.0,8,2,2,7,7,True
LAC,PHO,40,13,22,29,-1.0,12,5,4,4,40,False
MEM,UTA,34,18,22,31,-1.0,10,4,4,5,18,False
MIL,DET,30,25,23,28,-1.0,4,3,3,7,6,True
MIN,WAS,35,16,41,12,0,13,5,8,2,8,False
NJ,HOU,30,23,21,32,-1.0,7,4,4,4,26,False
NO,OKC,20,30,39,14,1.0,4,4,14,4,2,True
PHI,IND,24,27,34,20,0.33,4,7,6,3,9,False
SA,NY,17,34,30,22,1.0,3,6,6,3,5,True
ATL,SAC,21,32,44,10,0,4,8,14,3,5,True
CHI,MIL,29,24,30,26,0.0,5,4,4,3,9,True
CLE,TOR,10,41,34,21,1.0,2,11,6,3,17,True
DEN,PHI,18,35,25,27,1.0,3,5,4,7,12,True
IND,CHA,34,21,34,19,0.0,6,3,8,3,9,False
LAL,GS,10,43,35,19,1.0,2,7,9,3,8,True
MEM,POR,35,18,20,32,0,10,4,3,6,4,False
MIN,MIA,36,16,25,27,-1.0,13,5,4,4,7,True
NJ,DAL,31,23,22,30,1.0,7,4,5,5,15,False
ORL,NO,14,38,20,31,1.0,2,7,4,4,32,False
PHO,LAC,22,30,41,13,1.0,4,4,12,5,23,True
BOS,UTA,11,44,22,32,1.0,2,19,4,5,5,False
SA,DET,17,35,24,28,-1.0,3,6,4,7,4,True
ATL,POR,21,33,20,33,0,4,8,3,6,10,False
CLE,MIL,10,42,31,26,1.0,2,11,4,3,8,True
DAL,HOU,22,31,21,33,0.0,5,5,4,4,7,False
DEN,CHI,18,36,29,25,1.0,3,5,5,4,17,False
IND,MIN,35,21,36,17,-1.0,6,3,13,5,7,True
NO,LAL,20,32,10,44,-0.33,4,4,2,7,13,True
OKC,PHO,40,14,22,31,-1.0,14,4,4,4,22,False
ORL,CHA,15,38,34,20,0.0,3,7,8,4,12,True
SAC,MEM,45,10,36,18,0.0,15,3,10,4,9,True
TOR,NY,35,21,31,22,0,6,3,6,3,30,False
WAS,NJ,41,13,32,23,-0.33,8,2,7,4,11,True
NO,UTA,20,33,22,33,-1.0,4,4,4,5,14,False
OKC,GS,41,14,36,19,0.33,14,4,9,3,13,False
PHI,MIA,26,27,26,27,0.0,4,7,4,4,6,False
SA,WAS,17,36,41,14,0,3,6,8,2,31,True
SAC,DAL,45,11,23,31,-0.33,15,3,5,5,21,False
BOS,PHO,12,44,22,32,1.0,2,19,4,4,20,True
CHA,HOU,35,20,21,34,0,8,4,4,4,21,False
CHI,IND,29,26,35,22,1.0,5,4,6,3,7,False
DEN,MIL,19,36,32,26,1.0,3,5,4,3,3,False
DET,CLE,25,28,10,43,0.0,5,7,2,11,21,False
LAC,POR,42,13,20,34,0.0,12,5,3,6,29,False
LAL,MIN,11,44,37,17,1.0,2,7,13,5,3,True
MIA,ORL,26,28,15,39,0.0,4,4,3,7,23,False
NY,TOR,31,23,36,21,1.0,6,3,6,3,11,False
ATL,UTA,22,33,22,34,0,4,8,4,5,19,False
BOS,DEN,12,45,20,36,-1.0,2,19,3,5,38,True
GS,LAC,36,20,43,13,1.0,9,3,12,5,13,False
IND,NY,35,23,32,23,0.0,6,3,6,3,4,False
NO,SAC,21,33,46,11,0.0,4,4,15,3,7,True
PHI,NJ,27,27,33,23,-1.0,4,7,7,4,2,False
CHA,PHO,36,20,23,32,1.0,8,4,4,4,10,False
DAL,SA,23,32,17,37,0.0,5,5,3,6,17,False
DET,MIA,26,28,27,28,1.0,6,7,4,4,12,False
LAL,OKC,11,45,42,14,1.0,2,7,14,4,14,True
MEM,CLE,37,18,10,44,-1.0,10,4,2,11,15,False
MIN,TOR,38,17,36,22,-1.0,13,5,6,3,8,False
ORL,CHI,15,40,30,26,1.0,3,7,5,4,18,False
POR,HOU,20,35,21,35,-1.0,3,6,4,4,4,False
ATL,DEN,23,33,21,36,1.0,4,8,3,5,1,False
BOS,LAC,12,46,43,14,0,2,19,12,5,2,False
CHA,SAC,37,20,47,11,0,8,4,15,3,7,True
CHI,NJ,30,27,33,24,1.0,5,4,7,4,12,False
DET,NO,27,28,21,34,-1.0,7,7,4,4,3,False
MEM,IND,38,18,36,23,1.0,10,4,6,3,5,False
MIL,DAL,32,27,24,32,1.0,4,3,5,5,20,False
ORL,NY,16,40,32,24,0,3,7,6,3,5,True
PHI,WAS,28,27,42,14,1.0,4,7,8,2,8,True
POR,SA,21,35,17,38,1.0,3,6,3,6,15,False
UTA,MIN,22,35,39,17,1.0,4,5,13,5,17,True
CLE,HOU,10,45,21,36,1.0,2,11,4,5,19,False
PHO,LAL,23,33,11,46,-1.0,4,4,2,7,26,False
CHA,GS,37,21,37,20,-1.0,8,4,9,3,3,True
CHI,WAS,31,27,43,14,1.0,5,4,8,2,23,False
CLE,SA,11,45,17,39,0,2,11,3,6,11,True
DET,ORL,28,28,16,41,1.0,8,7,3,7,8,True
IND,BOS,36,24,13,46,-0.33,6,3,2,19,5,False
LAC,SAC,43,15,48,11,-1.0,12,5,15,3,12,False
LAL,DEN,11,47,21,37,1.0,2,7,3,5,11,False
MIA,ATL,27,29,24,33,0.0,4,4,4,8,8,False
MIL,NO,33,27,21,35,0,4,3,4,4,1,False
OKC,DAL,43,14,24,33,-1.0,14,4,5,5,13,True
PHI,NY,28,28,33,24,1.0,4,7,6,3,5,True
POR,MIN,22,35,40,17,1.0,3,6,13,5,20,True
TOR,PHO,36,23,24,33,-1.0,6,3,4,4,20,False
CHA,LAC,37,22,44,15,1.0,8,4,12,5,5,True
HOU,CHI,21,37,32,27,1.0,4,6,5,4,3,False
NY,MIA,34,24,28,29,1.0,6,3,4,4,5,False
OKC,MEM,43,15,39,18,-0.33,14,4,10,4,7,True
ORL,PHI,17,41,28,29,1.0,3,7,4,7,6,True
SAC,UTA,48,12,22,36,-1.0,15,3,4,6,13,False
WAS,MIL,43,15,34,27,0.0,8,2,4,3,16,False
CLE,ATL,11,46,24,34,0.0,2,11,4,8,1,True
DEN,IND,21,38,37,24,1.0,3,5,6,3,6,False
DET,BOS,28,29,13,47,-1.0,8,7,2,19,10,True
HOU,MIN,22,37,41,17,1.0,4,6,13,5,11,True
LAL,PHO,12,47,24,34,1.0,2,7,4,4,7,False
NO,NJ,21,36,33,25,1.0,4,4,7,4,3,True
SA,POR,18,39,22,36,0.0,3,6,3,6,18,False
TOR,DAL,37,23,25,33,-1.0,6,3,5,5,11,False
UTA,GS,22,37,38,20,0.0,4,7,9,3,8,True
ATL,WAS,25,34,44,15,1.0,4,8,8,2,9,True
CLE,MIA,11,47,28,30,0.0,2,11,4,4,7,True
DAL,OKC,25,34,43,16,0.0,5,5,14,4,9,False
NO,PHI,21,37,29,29,1.0,4,4,4,7,7,True
SA,LAC,19,39,45,15,1.0,3,6,12,5,28,True
CHI,CHA,32,28,37,23,1.0,5,4,8,4,16,False
DEN,DET,22,38,28,30,-1.0,3,5,8,7,5,False
GS,MIN,39,20,42,17,-1.0,9,3,13,5,24,True
IND,SAC,37,25,49,12,1.0,6,3,15,3,8,True
MEM,LAL,40,18,13,47,-1.0,10,4,2,7,10,False
NJ,MIL,34,25,34,28,0.0,7,4,4,3,4,True
PHO,ORL,24,35,17,42,1.0,4,4,3,7,12,False
TOR,HOU,38,23,22,38,1.0,6,3,4,6,10,False
ATL,NY,25,35,35,24,0.0,4,8,6,3,4,False
BOS,NJ,14,47,34,26,1.0,2,19,7,4,4,True
GS,CHI,39,21,33,28,-1.0,9,3,5,4,22,False
HOU,UTA,22,39,22,38,0.0,4,6,4,8,7,False
IND,POR,37,26,22,37,0,6,3,3,6,2,False
MEM,LAC,41,18,46,15,0.0,10,4,12,5,23,True
MIL,CLE,35,28,11,48,-1.0,4,3,2,11,18,False
PHO,MIA,25,35,29,30,-1.0,4,4,4,4,6,False
SA,DAL,19,40,26,34,0.33,3,6,5,5,5,False
WAS,OKC,45,15,43,17,1.0,8,2,14,4,5,False
DAL,NO,26,35,21,38,-1.0,5,5,4,5,16,False
POR,DEN,22,38,23,38,0.0,3,6,3,5,16,False
ATL,CHA,26,35,37,24,1.0,4,8,8,4,7,False
CLE,BOS,11,49,14,48,0.0,2,11,2,19,11,False
DEN,UTA,23,39,22,39,0.0,3,5,4,9,6,False
GS,DET,40,21,28,31,-1.0,9,3,8,7,17,False
MIA,TOR,29,31,39,23,-1.0,4,4,6,3,6,True
MIL,CHI,36,28,33,29,-0.33,4,3,5,4,15,False
MIN,LAL,43,17,13,48,-1.0,13,5,2,7,20,False
NJ,ORL,35,26,17,43,-1.0,7,4,3,7,3,False
PHO,HOU,26,35,23,39,-1.0,4,4,4,6,4,False
WAS,SA,46,15,20,40,-1.0,8,2,3,6,22,False
CHA,NY,37,25,35,25,-1.0,8,5,6,3,9,True
DET,ATL,28,32,27,35,-1.0,8,7,4,8,4,False
GS,MIL,41,21,37,28,1.0,9,3,4,3,7,False
IND,LAC,38,26,47,15,-1.0,6,3,12,5,1,True
MIA,CLE,29,32,12,49,-0.33,4,4,2,11,10,False
MIN,POR,44,17,23,38,-1.0,13,5,3,6,2,False
OKC,NO,43,18,21,39,-1.0,14,4,4,6,18,False
PHI,MEM,30,29,41,19,1.0,4,7,10,4,5,True
WAS,DAL,47,15,27,35,-1.0,8,2,5,5,16,False
DEN,SAC,24,39,50,12,1.0,3,5,15,3,8,False
MEM,HOU,42,19,23,40,0.33,10,4,4,6,10,False
NY,NJ,36,25,36,26,1.0,6,3,7,4,5,False
ORL,BOS,17,44,14,49,-1.0,3,7,2,19,7,True
PHI,OKC,30,30,44,18,1.0,4,7,14,4,15,False
PHO,SA,27,35,20,41,-0.33,4,4,3,6,5,False
UTA,TOR,22,40,40,23,1.0,4,10,6,3,8,True
CHI,MIA,33,30,30,32,-1.0,5,4,4,4,23,True
HOU,DEN,23,41,25,39,0.33,4,6,3,5,2,True
LAL,POR,13,49,23,39,1.0,2,7,3,6,17,False
NO,ATL,21,40,27,36,-1.0,4,7,4,8,10,False
ORL,DET,17,45,29,32,-1.0,3,7,8,7,4,False
WAS,MIN,48,15,45,17,1.0,8,2,13,5,11,True
CHA,SA,37,26,20,42,-1.0,8,6,3,6,14,False
CLE,LAC,12,50,48,15,1.0,2,11,12,5,4,True
DAL,PHO,27,36,28,35,0.0,5,5,4,4,5,True
NY,MIL,37,25,37,29,-1.0,6,3,4,3,8,True
OKC,SAC,44,19,50,13,1.0,14,4,15,3,1,True
UTA,IND,22,41,38,27,1.0,4,11,6,3,12,True
BOS,MIA,15,49,31,32,1.0,2,19,4,4,8,False
CHI,ORL,33,31,18,45,-0.33,5,4,3,7,28,False
DAL,POR,27,37,23,40,1.0,5,5,3,6,4,True
LAL,HOU,14,49,23,42,1.0,2,7,4,6,6,True
MEM,MIN,43,19,46,17,0.0,10,4,13,5,25,False
NJ,GS,36,27,42,21,-1.0,7,4,9,3,4,False
NO,WAS,22,40,48,16,1.0,4,7,8,2,11,True
NY,DET,37,26,29,33,0.0,6,3,8,7,15,True
OKC,DEN,44,20,26,39,-1.0,14,4,3,5,13,False
TOR,PHI,41,23,31,30,0.0,6,3,4,7,9,False
UTA,ATL,22,42,27,37,1.0,4,12,4,8,7,False
CLE,PHO,12,51,29,35,1.0,2,11,5,4,8,True
LAL,SA,14,50,20,43,0.0,2,7,3,6,7,True
CHI,PHI,34,31,31,31,0.0,5,4,4,7,3,False
CLE,SAC,12,52,51,13,1.0,2,11,15,3,10,True
DAL,GS,27,38,42,22,1.0,5,5,9,3,9,False
DET,TOR,30,33,42,23,1.0,8,7,6,3,11,True
HOU,CHA,24,42,38,26,1.0,4,6,8,6,5,True
IND,ATL,39,27,27,38,0.0,6,3,4,8,14,False
MEM,BOS,44,19,16,49,0,10,4,2,19,10,False
NJ,POR,37,27,24,40,-1.0,7,4,3,6,9,False
NO,MIL,22,41,38,29,1.0,4,7,4,3,9,True
NY,MIN,37,27,46,18,-1.0,6,3,13,5,8,True
ORL,WAS,18,46,49,16,1.0,3,7,8,2,9,True
CHA,MIN,39,26,47,18,1.0,8,6,13,5,8,False
LAC,DEN,49,15,26,40,-1.0,12,5,3,5,13,False
NO,CHI,22,42,35,31,-1.0,4,7,5,4,18,False
OKC,PHO,45,20,30,35,-1.0,14,4,6,4,11,False
SA,HOU,21,43,24,43,0.0,3,6,4,6,3,True
UTA,MIA,23,42,31,33,-1.0,4,12,4,4,22,True
BOS,MIL,16,50,39,29,1.0,2,19,4,3,9,False
DAL,LAL,28,38,14,51,-1.0,5,5,2,7,7,False
IND,TOR,40,27,43,23,0.0,6,3,7,3,23,False
MEM,DET,45,19,30,34,-1.0,10,4,8,7,5,True
MIA,PHI,32,33,31,32,0.33,4,4,4,7,8,False
NJ,LAC,38,27,50,15,1.0,7,4,12,5,2,False
NY,CLE,37,28,12,53,-1.0,6,3,2,11,5,False
PHO,GS,30,36,42,23,0.0,6,4,9,3,24,True
POR,ATL,24,41,27,39,1.0,3,6,4,8,18,False
SAC,WAS,52,13,50,16,-1.0,15,3,8,2,2,False
UTA,ORL,23,43,18,47,-1.0,4,12,3,7,18,False
HOU,NO,25,43,23,42,0.0,4,6,4,7,11,True
NJ,DEN,39,27,26,41,1.0,7,4,3,5,25,False
POR,MEM,25,41,45,20,1.0,3,6,10,4,11,True
SA,OKC,21,44,46,20,1.0,3,6,14,4,2,False
TOR,CHA,43,24,40,26,1.0,7,3,8,6,26,False
BOS,CHI,17,50,35,32,1.0,2,19,5,4,6,False
DET,DAL,31,34,29,38,-1.0,8,7,5,5,2,False
LAC,GS,50,16,43,23,-0.33,12,5,9,3,7,False
MIN,SA,47,19,22,44,-1.0,13,5,3,6,7,False
ORL,CLE,18,48,12,54,1.0,3,7,2,11,4,False
PHI,LAL,31,33,14,52,-1.0,4,7,2,7,1,True
SAC,ATL,53,13,27,40,-1.0,15,3,4,8,22,False
WAS,UTA,50,17,24,43,1.0,8,2,4,12,15,False
CHI,OKC,35,33,46,21,-1.0,5,4,14,4,7,True
DEN,MEM,26,42,46,20,1.0,3,5,10,4,2,True
DET,HOU,32,34,25,44,-1.0,8,7,4,6,19,True
MIA,BOS,33,33,18,50,0.0,4,4,2,19,8,True
MIN,NO,48,19,24,42,0.0,13,5,4,7,1,False
NJ,NY,40,27,38,28,0.0,7,4,6,3,26,True
ORL,MIL,19,48,39,30,1.0,3,7,4,3,26,True
PHI,PHO,31,34,30,37,1.0,4,7,6,4,10,False
POR,IND,25,42,41,27,1.0,3,6,6,3,10,True
SAC,CHA,54,13,40,27,-1.0,15,3,8,6,16,False
WAS,LAC,51,17,51,16,1.0,8,2,12,5,15,False
DAL,ATL,29,39,27,41,1.0,5,5,4,8,8,False
GS,LAL,43,24,15,52,-1.0,9,3,2,7,8,False
POR,CLE,25,43,12,55,-1.0,3,6,2,11,6,True
BOS,SA,19,50,22,45,-1.0,3,19,3,6,3,True
CHA,TOR,40,28,44,24,-0.33,8,6,7,3,13,True
DAL,IND,30,39,42,27,1.0,5,5,6,3,2,True
LAC,DET,51,17,32,35,-1.0,12,5,8,7,18,False
MEM,NO,47,20,24,43,-0.33,10,4,4,7,12,False
MIA,NJ,33,34,40,28,0.33,4,4,7,4,8,False
MIN,HOU,49,19,26,44,-1.0,13,5,4,6,19,False
PHI,GS,32,34,44,24,1.0,4,7,9,3,8,False
SAC,NY,55,13,39,28,-1.0,15,3,6,3,27,True
UTA,OKC,24,44,47,21,0.33,4,12,14,4,7,True
WAS,DEN,52,17,26,43,-1.0,8,2,3,5,11,False
ATL,CLE,27,42,13,55,-0.33,4,8,2,11,6,False
BOS,MEM,19,51,48,20,1.0,3,19,10,4,18,True
IND,CHA,43,27,40,29,-0.33,6,3,8,6,25,True
LAL,CHI,15,53,35,34,1.0,2,7,5,4,8,True
NY,ORL,40,28,19,49,-1.0,6,3,3,7,7,False
POR,MIL,25,44,40,30,1.0,3,6,4,3,12,True
WAS,PHO,53,17,30,38,-1.0,8,2,6,4,32,False
CLE,NJ,13,56,40,29,1.0,2,11,7,4,8,True
GS,NO,44,25,24,44,0.0,9,3,4,7,10,False
HOU,SA,26,45,23,45,-0.33,4,6,3,6,2,True
LAC,TOR,52,17,45,24,-1.0,12,5,7,3,24,False
MIA,DET,34,34,32,36,0.0,4,4,8,7,5,True
OKC,MIN,48,21,50,19,-0.33,14,4,13,5,7,True
PHI,SAC,33,34,55,14,1.0,4,7,15,3,12,True
CHI,WAS,36,34,54,17,0.33,5,4,8,2,2,True
DEN,PHO,26,44,30,39,-1.0,3,5,6,4,3,False
LAC,BOS,53,17,19,52,1.0,12,5,3,19,13,False
MEM,MIA,49,20,34,35,1.0,10,4,4,4,12,False
MIN,ATL,51,19,28,42,-1.0,13,5,4,8,12,False
ORL,NY,19,50,41,28,1.0,3,7,6,3,4,True
PHI,POR,33,35,25,45,1.0,4,7,3,6,16,True
DET,CHI,33,36,36,35,0.0,8,7,5,4,8,False
GS,SA,45,25,24,45,-1.0,9,3,3,6,1,False
HOU,UTA,26,46,24,45,-0.33,4,6,4,12,13,False
LAL,OKC,15,54,48,22,1.0,2,7,14,4,18,True
BOS,ORL,19,53,19,51,0.33,3,19,3,7,2,False
CHA,WAS,41,29,55,17,1.0,8,6,8,2,2,False
DEN,NO,27,44,24,45,-0.33,3,5,4,7,13,True
GS,DAL,46,25,30,40,0.0,9,3,5,5,22,False
LAC,NY,54,17,42,28,-1.0,12,5,6,3,13,True
MIA,IND,34,36,43,28,0.0,4,4,6,3,2,False
MIL,TOR,41,30,45,25,0.33,4,3,7,3,9,False
MIN,PHI,52,19,33,36,1.0,13,5,4,7,8,False
NJ,CLE,41,29,13,57,-1.0,7,4,2,11,11,False
SA,ATL,24,46,28,43,1.0,3,6,4,8,10,True
UTA,PHO,24,46,30,40,0.0,4,12,6,5,4,False
LAL,DET,15,55,34,36,-1.0,2,7,8,7,15,True
MIA,CHI,35,36,36,36,0.33,4,4,5,4,19,False
PHO,POR,30,41,26,45,0.33,6,6,3,6,20,False
BOS,ATL,20,53,29,43,1.0,3,19,4,8,6,True
CHA,PHI,42,29,33,37,0.0,8,6,4,7,5,True
DEN,DAL,27,45,30,41,1.0,3,5,5,5,2,True
LAC,SA,54,18,24,47,-1.0,12,5,3,6,13,False
LAL,NJ,15,56,42,29,1.0,2,7,7,4,8,True
MEM,SAC,50,20,56,14,-0.33,10,4,15,3,18,True
MIL,ORL,42,30,19,52,-1.0,4,3,3,7,16,False
MIN,CLE,53,19,13,58,-1.0,13,5,2,11,22,False
NO,NY,25,45,43,28,-1.0,4,7,6,3,10,False
OKC,TOR,49,22,45,26,1.0,14,4,7,3,16,False
DET,WAS,35,36,55,18,0.33,8,7,8,2,2,True
GS,DEN,47,25,27,46,0.0,9,3,3,5,13,False
IND,CHI,43,29,36,37,0.0,6,3,5,4,6,False
LAC,HOU,55,18,27,46,-0.33,12,5,4,6,17,False
MEM,POR,50,21,26,46,-1.0,10,4,3,6,20,False
MIL,MIA,43,30,36,36,0.0,4,3,4,4,17,False
NY,CHA,43,29,42,30,0.33,6,3,8,6,11,False
PHO,UTA,31,41,25,46,0.33,6,6,4,12,9,True
CHI,TOR,36,38,45,27,0.0,5,4,7,3,10,True
DAL,CLE,31,41,13,59,-1.0,5,5,2,11,28,False
LAL,ATL,15,57,30,43,1.0,2,7,4,8,10,False
NJ,MIN,43,29,54,19,1.0,7,4,13,5,9,False
OKC,BOS,50,22,20,54,-1.0,14,4,3,19,19,False
PHI,DET,34,37,35,37,1.0,4,7,8,7,4,False
PHO,SAC,31,42,57,14,1.0,6,6,15,3,8,False
SA,NO,24,48,26,45,0.0,3,6,4,7,4,False
WAS,IND,56,18,44,29,0.0,8,2,6,3,9,False
MEM,GS,51,21,48,25,1.0,10,4,9,3,5,True
MIL,NJ,44,30,44,29,-0.33,5,3,7,4,29,True
NY,UTA,44,29,26,46,1.0,6,3,4,12,8,False
ORL,MIA,19,53,36,37,0.33,3,7,4,4,6,True
ATL,PHI,30,44,35,37,0.0,4,8,4,7,13,False
CHI,IND,36,39,44,30,0.33,5,5,6,3,2,False
DAL,MIN,32,41,54,20,1.0,5,5,13,5,20,True
DET,CLE,35,38,13,60,-0.33,8,7,2,11,6,False
LAL,CHA,16,57,42,31,-1.0,2,7,8,6,10,False
NO,SAC,26,46,57,15,0.33,4,7,15,3,1,True
NY,DEN,45,29,27,47,-1.0,6,3,3,5,7,False
OKC,SA,51,22,25,48,0.0,14,4,3,6,1,True
UTA,POR,26,47,26,47,0.33,4,12,3,6,21,False
CHA,BOS,42,32,20,55,-1.0,8,6,3,19,16,True
DET,NJ,36,38,45,29,0.0,8,7,7,4,13,False
HOU,PHO,27,47,32,42,1.0,4,6,6,6,5,False
LAL,MIL,17,57,44,31,1.0,2,7,5,3,6,True
MIA,DAL,37,37,32,42,-1.0,4,4,5,5,2,False
NO,LAC,26,47,56,18,1.0,4,7,12,5,6,True
SAC,GS,58,15,49,25,1.0,15,3,9,3,9,True
TOR,ORL,46,27,19,54,-0.33,7,3,3,7,4,True
WAS,MEM,57,18,51,22,-1.0,8,2,10,4,5,False
CLE,WAS,13,61,58,18,0.0,2,11,8,2,8,False
MIL,PHI,45,31,35,38,-1.0,5,3,4,7,10,False
UTA,DEN,27,47,27,48,0.33,4,12,3,5,10,False
ATL,BOS,31,44,21,55,-1.0,4,8,3,19,12,False
CLE,ORL,14,61,20,54,0.0,2,11,3,7,29,False
DAL,MEM,32,43,51,23,0.33,5,5,10,4,5,False
HOU,LAL,28,47,17,58,-1.0,4,6,2,7,12,False
MIA,CHA,38,37,42,33,0.33,4,4,8,6,5,True
MIN,UTA,55,20,28,47,-1.0,13,5,4,12,1,True
NO,GS,26,48,50,25,0.33,4,7,9,3,8,False
POR,OKC,26,48,51,23,0.0,3,6,14,4,35,True
SA,IND,26,48,44,31,1.0,3,6,6,3,5,True
SAC,PHO,58,16,32,43,-0.33,15,3,6,6,28,False
DET,PHI,37,38,35,39,0.0,8,7,4,7,5,False
LAC,DEN,57,18,27,49,-1.0,12,5,3,5,16,False
MEM,MIL,51,24,46,31,-1.0,10,4,5,3,5,True
MIA,WAS,38,38,58,19,1.0,4,4,8,2,14,True
NJ,CHI,45,30,37,39,-0.33,7,4,5,5,9,False
ORL,ATL,20,55,32,44,0.33,3,7,4,8,6,True
TOR,NY,46,28,46,29,0.0,7,3,6,3,7,True
CHA,DET,43,33,38,38,-0.33,8,6,8,7,7,False
DEN,MIN,27,50,55,21,1.0,3,6,13,5,23,True
GS,SAC,50,26,59,16,-1.0,9,3,15,3,5,True
IND,OKC,45,31,52,23,1.0,6,3,14,4,18,True
LAC,LAL,58,18,17,59,-1.0,12,5,2,7,3,False
NY,TOR,47,29,46,29,-0.33,6,3,7,3,9,True
PHI,NJ,35,40,46,30,-1.0,4,7,7,4,29,False
PHO,DAL,32,44,33,43,-0.33,6,6,5,5,24,False
POR,HOU,26,49,29,47,-1.0,3,6,4,6,14,False
SA,CLE,26,49,15,61,-1.0,3,6,2,11,20,False
UTA,NO,29,47,27,48,1.0,4,12,4,7,14,True
ATL,TOR,33,44,47,29,0.33,4,8,7,3,8,True
LAL,SAC,17,60,60,16,0.33,2,7,15,3,18,True
MIN,LAC,56,21,59,18,0.0,13,5,12,5,10,True
NO,MIA,28,48,38,39,1.0,4,7,4,4,14,True
NY,CHI,47,30,37,40,0.0,6,3,5,5,7,False
ORL,HOU,20,56,29,48,-1.0,3,7,4,6,10,False
PHI,CHA,36,40,44,33,-0.33,4,7,8,6,3,False
POR,MEM,27,49,51,25,1.0,3,6,10,4,3,True
SA,OKC,27,49,53,23,-0.33,3,6,14,4,10,True
ATL,MIL,33,45,47,31,0.33,4,8,5,3,8,True
DET,NY,38,39,48,30,-0.33,8,7,6,3,27,True
MEM,ORL,52,25,21,56,1.0,10,4,3,7,3,False
MIN,GS,56,22,50,27,0.33,13,5,9,3,8,True
NJ,BOS,46,31,21,56,-1.0,7,4,3,19,2,False
OKC,DEN,54,23,27,51,-1.0,14,4,3,7,10,False
PHO,NO,33,44,28,49,-1.0,6,6,4,7,5,True
POR,SA,27,50,27,50,0.33,3,6,3,6,12,True
TOR,IND,48,29,45,32,0.33,7,3,6,3,29,False
UTA,DAL,29,48,33,44,0.33,4,12,5,5,29,False
WAS,CLE,59,19,15,62,0.33,8,2,2,11,12,False
DEN,LAL,27,52,17,61,-0.33,3,8,2,7,14,False
HOU,SAC,29,49,61,16,1.0,4,6,15,3,17,True
PHI,CHI,37,40,37,41,0.33,4,7,5,5,14,False
CHA,OKC,44,34,55,23,1.0,8,6,14,4,3,False
CLE,PHI,15,63,38,40,1.0,2,11,4,7,10,True
HOU,GS,29,50,51,27,1.0,4,6,9,3,4,True
IND,ATL,45,33,33,46,-0.33,6,3,4,8,4,False
LAL,POR,17,62,27,51,0.33,2,7,3,6,8,False
MIA,BOS,39,39,21,57,0.33,4,4,3,19,7,False
NJ,DET,47,31,38,40,0.33,7,4,8,7,7,False
NO,DAL,29,49,33,45,1.0,4,7,5,5,8,False
NY,ORL,49,30,21,57,-1.0,6,3,3,7,10,True
PHO,MEM,33,45,53,25,1.0,6,6,10,4,17,False
SAC,LAC,62,16,60,18,1.0,15,3,12,5,31,False
UTA,SA,30,48,28,50,-1.0,4,12,3,6,6,False
WAS,TOR,60,19,49,29,-1.0,8,2,7,3,2,True
CHA,CHI,45,34,37,42,0.0,8,6,5,5,7,False
DET,IND,38,41,46,33,1.0,8,7,6,3,4,False
GS,UTA,52,27,31,48,-0.33,9,3,4,12,10,True
OKC,MIL,55,24,48,31,-1.0,14,4,5,3,17,False
ORL,NJ,22,57,48,31,1.0,3,7,7,4,10,False
PHO,MIN,34,45,56,23,0.0,6,6,13,5,13,True
POR,LAC,27,52,60,19,0.33,3,6,12,5,15,True
BOS,CLE,21,58,15,64,0.33,3,19,2,11,31,False
DAL,NO,33,46,30,49,-0.33,5,5,4,7,10,False
MEM,LAL,53,26,18,62,-1.0,10,4,2,7,17,False
NY,MIA,49,31,40,39,0.0,6,3,4,4,17,False
PHI,TOR,39,40,50,29,0.33,4,7,7,3,7,False
SA,SAC,28,51,63,16,1.0,3,6,15,3,3,True
CHA,NJ,46,34,48,32,0.0,8,6,7,4,4,False
CHI,DET,37,43,39,41,0.33,5,5,8,7,3,True
CLE,IND,15,65,46,34,0.33,2,11,6,3,8,True
LAC,UTA,61,19,32,48,-1.0,12,5,4,12,21,False
MEM,PHO,54,26,34,46,-0.33,10,4,6,6,9,False
MIN,DAL,57,23,34,46,-1.0,13,5,5,5,2,False
NO,HOU,30,50,29,51,-0.33,4,7,4,6,20,False
OKC,POR,56,24,27,53,-0.33,14,4,3,6,30,False
ORL,MIL,23,57,48,32,1.0,3,7,5,3,18,False
SA,GS,28,52,52,28,1.0,3,6,9,3,29,True
SAC,DEN,64,16,28,52,-0.33,15,3,3,8,20,False
TOR,WAS,50,30,60,20,0.0,7,3,8,2,1,True
BOS,PHI,22,58,40,40,1.0,3,19,5,7,2,True
MIA,ATL,40,40,33,47,-0.33,4,4,4,8,2,False
UTA,LAL,32,49,18,63,0.0,4,12,2,7,13,False
ATL,MEM,33,48,55,26,1.0,4,8,10,4,8,False
CHA,ORL,47,34,24,57,-0.33,8,6,3,7,25,False
DEN,POR,28,53,27,54,0.33,3,8,3,6,28,False
DET,MIA,40,41,41,40,-0.33,8,7,4,4,8,True
GS,PHO,53,28,34,47,-0.33,9,3,6,6,4,False
HOU,DAL,29,52,34,47,0.33,4,6,5,5,11,False
MIL,IND,48,33,47,34,0.33,5,3,6,3,7,False
NJ,NY,48,33,50,31,0.33,7,4,6,3,29,False
NO,SA,31,50,28,53,0.33,4,7,3,6,8,True
OKC,LAC,57,24,62,19,-1.0,14,4,12,5,41,True
PHI,CLE,41,40,15,66,-1.0,6,7,2,11,13,True
SAC,MIN,65,16,58,23,0.33,15,3,13,5,7,True
TOR,CHI,50,31,37,44,-0.33,7,3,5,5,11,True
WAS,BOS,61,20,22,59,-1.0,8,2,3,19,8,False
BOS,CLE,22,60,16,66,0.0,3,19,2,11,6,True
HOU,POR,30,52,27,55,1.0,4,6,3,6,9,False
LAC,LAL,63,19,18,64,-1.0,12,5,2,7,7,False
WAS,DAL,62,20,34,48,-1.0,8,2,5,5,11,True
CHA,BOS,48,34,22,61,-0.33,8,6,3,19,33,False
CLE,TOR,17,66,50,32,1.0,2,11,7,3,10,False
DET,MEM,40,42,55,27,0.0,8,7,10,4,22,True
HOU,GS,31,52,54,28,1.0,4,6,9,3,1,True
IND,ATL,47,35,34,48,-0.5,6,3,4,8,11,False
NJ,MIN,49,33,59,23,0.0,7,4,13,5,2,False
NO,SA,31,51,29,53,0.5,4,7,3,6,17,False
NY,MIA,50,32,42,40,-0.33,6,3,4,4,22,False
PHI,ORL,41,41,24,58,-1.0,6,7,3,7,14,False
PHO,LAC,34,48,64,19,1.0,6,6,12,5,2,True
SAC,OKC,65,17,57,25,-1.0,15,3,14,4,13,False
UTA,DEN,33,49,29,53,0.0,4,12,3,8,9,False
DEN,POR,29,54,27,56,0.0,3,8,3,7,3,True
SA,CHI,29,54,38,44,1.0,3,6,5,5,7,False
CHI,BOS,38,45,22,62,-0.33,5,5,3,19,28,False
CLE,MIN,18,66,59,24,1.0,3,11,13,5,17,True
DAL,LAL,35,48,18,65,-1.0,5,5,2,7,14,True
GS,PHO,55,28,34,49,-0.5,9,3,6,6,22,False
LAC,UTA,65,19,34,49,-1.0,12,5,4,12,13,False
MIA,IND,42,41,48,35,-0.33,4,4,6,3,13,True
MIL,PHI,49,33,42,41,-1.0,5,3,6,7,13,False
NY,CHA,51,32,49,34,0.0,6,3,8,6,18,True
OKC,DET,57,26,40,43,0.0,14,4,8,7,8,True
ORL,NJ,24,59,50,33,0.33,3,7,7,4,10,True
SAC,NO,66,17,32,51,-0.5,15,3,4,7,5,False
TOR,MEM,50,33,56,27,0.0,7,4,10,4,8,False
WAS,ATL,62,21,34,49,-1.0,8,2,4,8,11,False
CHA,CLE,50,34,18,67,-1.0,8,6,3,11,11,False
DAL,LAC,35,49,66,19,0.5,5,5,12,5,9,True
DET,MIL,41,43,50,33,0.5,8,7,5,3,11,False
NJ,WAS,51,33,63,21,0.0,7,4,8,2,19,False
PHI,NY,42,42,51,33,1.0,6,7,6,3,19,True
POR,HOU,28,56,31,53,-0.5,3,7,4,6,4,False
SAC,SA,67,17,30,54,-1.0,15,3,3,6,19,False
ATL,LAL,34,50,19,65,0.0,4,8,2,7,8,False
CHI,MIA,39,45,42,42,0.0,5,5,4,4,8,False
MEM,DEN,56,28,29,55,-1.0,10,4,3,8,10,False
MIN,PHO,60,24,34,50,-0.33,13,5,6,6,8,False
NO,BOS,32,52,22,63,-1.0,4,7,3,19,10,False
ORL,TOR,24,60,51,33,0.0,3,7,7,4,9,True
POR,OKC,29,56,57,27,0.5,3,7,14,4,9,True
HOU,UTA,31,54,34,50,-0.5,4,6,4,12,17,True
MEM,SAC,57,28,68,17,0.0,10,4,15,3,6,True
MIN,LAC,61,24,67,19,0.33,13,5,12,5,3,False
NJ,CHA,52,33,51,34,0.33,7,4,8,6,11,False
NO,NY,33,52,52,33,-1.0,4,7,6,3,6,False
ATL,POR,35,50,29,57,0.0,4,8,3,7,6,True
BOS,PHI,22,64,42,43,1.0,3,19,6,7,31,True
DEN,IND,29,56,49,35,0.0,3,8,6,3,18,True
LAL,OKC,19,66,58,27,1.0,2,7,14,4,11,True
MIL,CHI,50,34,40,45,-0.5,5,3,5,5,2,False
ORL,DET,24,61,42,43,-1.0,3,7,8,7,5,False
PHO,MIA,34,51,42,43,-1.0,6,6,4,4,8,True
UTA,DAL,35,50,35,50,0.0,4,12,5,5,11,False
WAS,CLE,63,22,18,68,0.0,8,2,3,11,12,False
ATL,SAC,35,51,69,17,1.0,4,8,15,3,8,True
BOS,MIN,22,65,62,24,1.0,3,19,13,5,2,True
DAL,NO,35,51,34,52,-0.5,5,5,4,7,10,True
DEN,NJ,29,57,53,33,0.0,3,8,7,4,28,True
DET,TOR,42,44,52,33,1.0,8,7,7,4,11,False
IND,NY,50,35,52,34,-0.33,6,3,6,3,12,True
LAL,HOU,19,67,31,55,1.0,2,7,4,6,11,True
MEM,GS,57,29,56,28,1.0,10,4,9,3,8,False
MIA,WAS,43,43,64,22,1.0,4,4,8,2,4,True
PHO,ORL,34,52,25,61,0.0,6,7,3,7,22,False
CHI,CLE,40,46,18,69,-1.0,5,5,3,11,1,True
SA,UTA,30,55,36,50,1.0,3,6,4,12,14,False
ATL,CHA,35,52,51,35,0.5,4,8,8,6,20,False
CLE,NY,19,69,53,34,1.0,3,11,6,3,9,True
DEN,MIA,29,58,43,44,1.0,3,8,4,4,8,False
DET,ORL,43,44,25,62,1.0,8,7,3,7,7,False
LAC,GS,67,20,56,29,-0.5,12,5,9,3,28,True
MEM,LAL,58,29,19,68,-1.0,10,4,2,7,16,False
MIL,MIN,51,34,63,24,-1.0,5,3,13,5,15,True
NJ,PHI,54,33,43,43,1.0,7,4,6,7,3,False
OKC,HOU,59,27,32,55,-1.0,14,4,4,6,11,False
PHO,BOS,35,52,22,66,-1.0,6,7,3,19,7,True
SA,POR,31,55,30,57,-0.5,3,6,3,7,12,False
TOR,NO,52,34,35,52,-1.0,7,4,4,7,17,True
WAS,IND,65,22,50,36,-0.33,8,2,6,3,16,False
BOS,NJ,23,66,55,33,1.0,3,19,7,4,10,True
CHA,CHI,51,36,40,47,-0.33,8,6,5,5,3,False
DEN,ATL,30,58,36,52,0.0,3,8,4,8,25,False
MEM,LAC,59,29,67,21,0.33,10,4,12,5,3,False
NY,MIL,54,34,51,35,-0.5,6,3,5,3,15,False
SAC,UTA,70,17,36,51,-1.0,15,3,4,12,5,True
TOR,DAL,52,35,35,52,-1.0,7,4,5,5,28,False
GS,SAC,57,29,70,18,-0.5,9,3,15,3,13,False
MIN,POR,64,24,30,58,-1.0,13,5,3,7,23,False
NO,LAL,36,52,19,69,0.0,4,7,2,7,16,False
ORL,OKC,25,63,60,27,1.0,3,7,14,4,28,False
PHI,DET,43,44,44,44,0.33,6,7,8,7,7,False
PHO,WAS,35,53,66,22,1.0,6,7,8,2,12,True
MIN,GS,65,24,58,29,0.5,13,5,9,3,41,False
NO,LAC,37,52,67,22,1.0,5,7,12,5,28,True
PHO,PHI,35,54,44,44,0.0,6,7,6,7,4,True
TOR,SA,53,35,32,55,0.0,7,4,3,6,7,False
UTA,NY,37,51,55,34,0.0,4,12,6,3,2,True
DEN,CHI,31,58,40,48,0.0,3,8,5,5,1,True
HOU,DAL,32,56,35,53,0.0,4,6,5,5,18,False
OKC,SAC,60,28,70,19,1.0,14,4,15,3,3,False
ORL,CHA,26,63,52,36,0.5,3,7,8,6,12,True
POR,MEM,30,59,60,29,1.0,3,7,10,4,14,True
WAS,MIA,67,22,43,45,-1.0,8,2,4,4,14,False
ATL,NY,36,53,56,34,-0.33,4,8,6,3,13,True
CHA,DET,53,36,44,45,-0.5,8,6,8,7,23,False
CHI,TOR,41,48,54,35,0.0,5,5,7,4,10,False
CLE,ORL,19,70,26,64,-0.33,3,11,3,7,9,True
DAL,SA,35,54,32,56,0.0,5,6,3,6,9,False
DEN,MIL,31,59,51,36,0.0,3,8,5,3,6,False
GS,IND,58,30,50,37,0.0,9,3,6,3,14,False
MEM,HOU,61,29,33,56,0.0,10,4,4,6,25,False
NO,PHO,37,53,35,55,0.33,5,7,6,7,20,False
OKC,LAC,61,28,68,22,-0.5,14,4,12,5,4,True
PHI,NJ,45,44,56,33,-0.6,6,7,8,4,3,True
POR,MIN,30,60,66,24,1.0,3,7,13,5,23,True
UTA,BOS,37,52,23,67,0.0,4,12,3,19,19,False
CLE,MIA,19,71,43,46,0.5,3,11,4,4,7,True
PHO,LAL,35,56,19,70,-0.5,6,7,2,7,19,False
ATL,BOS,36,54,23,68,-1.0,4,8,3,19,11,True
DAL,MIN,36,54,67,24,1.0,5,6,13,5,12,True
GS,NY,59,30,57,34,0.0,9,3,6,3,14,True
HOU,SAC,33,57,70,20,1.0,4,6,15,3,9,False
LAL,DEN,19,71,32,59,0.5,2,7,3,8,26,False
NJ,ORL,57,33,27,64,-0.5,9,4,3,7,16,False
POR,NO,30,61,38,53,0.0,3,7,5,7,8,True
TOR,LAC,54,36,69,22,1.0,7,4,12,5,15,True
UTA,PHI,38,52,45,45,1.0,4,12,6,7,22,True
BOS,IND,24,68,50,38,0.5,3,19,6,3,9,False
DET,WAS,44,46,68,22,0.5,8,7,8,2,3,True
GS,MIL,59,31,51,37,0.0,9,3,5,3,4,False
MIN,MEM,68,24,62,29,0.33,13,5,10,4,10,False
NJ,MIA,58,33,44,46,0.0,10,4,4,4,1,False
NO,ATL,39,53,36,55,-1.0,5,7,4,8,23,False
OKC,SA,61,29,32,57,0.0,14,4,3,6,3,True
PHI,CHI,46,45,42,48,0.0,6,7,5,5,6,False
POR,CHA,30,62,54,36,1.0,3,7,8,6,6,True
UTA,CLE,38,53,19,72,-1.0,4,12,3,11,4,False
DAL,DET,36,55,44,47,1.0,5,6,8,7,5,True
HOU,LAL,34,57,20,71,-1.0,4,6,2,7,10,True
LAC,OKC,70,22,61,30,0.2,12,5,14,4,8,True
TOR,PHO,54,37,36,56,-1.0,7,4,6,7,1,False
CHA,ORL,55,36,27,65,-0.6,8,6,3,7,6,False
DAL,MIL,36,56,51,38,0.0,5,6,5,4,11,True
POR,ATL,30,63,36,56,-0.33,3,7,4,8,10,True
CHI,SAC,42,49,70,21,1.0,5,5,15,4,14,True
DET,LAL,45,47,21,71,0.0,8,7,2,7,13,False
GS,CLE,60,31,19,73,-1.0,9,3,3,11,6,False
IND,NJ,50,39,59,33,0.33,6,4,11,4,8,True
LAC,NO,70,23,40,53,-1.0,12,5,5,7,8,False
OKC,MIA,62,30,44,47,-1.0,14,4,4,4,13,True
PHO,HOU,36,57,34,58,-0.33,6,7,4,6,6,True
TOR,DEN,55,37,32,60,-1.0,7,4,3,8,18,False
CHA,PHI,56,36,47,45,0.5,8,6,6,7,2,False
CLE,WAS,19,74,69,22,0.2,3,11,8,2,17,False
DET,POR,46,47,30,64,-1.0,8,7,3,7,6,False
GS,BOS,61,31,25,68,0.0,9,3,3,19,14,False
HOU,MIN,35,58,69,24,1.0,4,6,13,5,13,True
LAC,MEM,71,23,62,30,0.0,12,5,10,4,15,False
MIA,ATL,45,47,37,56,-0.5,4,4,4,8,15,False
NJ,MIL,60,33,52,38,0.0,12,4,5,4,14,False
NY,IND,58,34,50,40,0.0,6,3,6,5,7,True
OKC,ORL,62,31,27,66,-0.33,14,4,3,7,14,False
SA,DAL,33,57,36,57,0.2,3,6,5,6,10,True
TOR,UTA,56,37,39,53,-1.0,7,4,4,12,13,False
CHI,LAL,42,50,21,72,-1.0,5,5,2,7,15,False
PHO,NO,36,58,40,54,0.0,6,7,5,7,7,False
UTA,SA,39,54,33,58,-0.5,4,12,3,6,7,True
CHA,MIL,57,36,52,39,-0.5,8,6,5,4,7,False
CLE,IND,20,74,51,40,0.5,3,11,6,5,10,True
DEN,LAC,32,61,72,23,1.0,3,8,12,5,7,False
HOU,ATL,35,59,37,57,0.0,4,6,4,8,2,False
MEM,PHI,62,31,47,46,-1.0,10,4,6,7,5,True
MIA,TOR,46,47,57,37,-0.33,4,4,7,4,7,False
ORL,BOS,27,67,25,69,0.0,3,7,3,19,5,True
POR,GS,30,65,62,31,-0.33,3,8,9,3,14,False
SAC,DAL,71,21,37,57,-0.5,15,4,5,6,2,False
WAS,OKC,69,23,63,31,0.0,8,2,14,4,19,False
ATL,NO,37,58,40,55,1.0,4,8,5,7,8,False
CHI,DEN,43,50,33,61,-0.33,5,5,3,8,19,False
DET,UTA,47,47,39,55,-1.0,8,7,4,12,7,True
MIL,MEM,52,40,62,32,0.0,5,4,10,4,5,True
MIN,POR,70,24,31,65,-1.0,13,5,3,8,28,False
NY,NJ,58,35,61,33,0.0,6,3,13,4,7,True
PHI,CLE,48,46,20,75,-0.5,6,7,3,11,6,False
SAC,HOU,72,21,36,59,-0.5,15,4,4,6,7,False
WAS,SA,70,23,34,58,-1.0,8,2,3,6,22,False
BOS,NY,26,69,58,36,0.5,3,19,6,3,9,True
DET,PHO,47,48,37,58,-1.0,8,7,6,7,26,False
IND,CHA,52,40,58,36,0.0,6,5,8,6,16,False
NO,MIA,40,56,47,47,1.0,5,7,4,4,1,False
OKC,LAL,63,32,21,73,-1.0,14,4,2,7,16,False
ORL,TOR,27,68,57,38,0.2,3,7,7,4,8,True
CHI,POR,44,50,31,66,-1.0,5,5,3,8,24,False
MIL,SA,52,41,34,59,1.0,5,4,3,6,14,False
MIN,LAC,71,24,72,24,0.0,13,5,12,5,4,False
SAC,MEM,73,21,63,32,-0.2,15,4,10,4,11,False
GS,DAL,62,32,37,58,-0.33,9,3,5,6,8,True
IND,TOR,53,40,58,38,0.0,6,5,7,4,11,False
NJ,DEN,62,33,33,62,-0.33,14,4,3,8,14,False
NY,LAL,59,36,21,74,-1.0,6,3,2,7,10,False
OKC,UTA,64,32,40,55,-0.5,14,4,4,12,10,True
PHI,WAS,49,46,71,23,1.0,6,7,8,2,1,False
CLE,DET,20,76,48,48,0.5,3,11,8,7,10,True
DAL,HOU,38,58,36,60,0.2,5,6,4,6,31,True
DEN,MIN,33,63,72,24,1.0,3,8,13,5,13,True
GS,SA,62,33,34,60,-1.0,9,3,3,6,14,False
LAC,IND,72,25,54,40,0.0,12,5,6,5,13,False
MEM,PHO,63,33,37,59,-0.5,10,4,6,7,15,False
MIA,ORL,47,48,27,69,-0.5,4,4,3,7,1,True
MIL,NO,53,41,41,56,-1.0,5,4,5,7,8,True
NJ,POR,63,33,31,67,-1.0,15,4,3,8,10,False
NY,SAC,60,36,74,21,0.0,6,3,15,4,14,False
PHI,BOS,50,46,26,70,-1.0,6,7,3,19,3,False
TOR,CHA,58,39,58,37,0.0,7,4,8,6,35,False
CHI,UTA,45,50,41,55,1.0,5,5,4,12,19,False
ORL,ATL,28,69,38,58,0.5,3,7,4,8,17,True
ATL,PHI,39,58,51,46,-0.33,4,8,6,7,14,True
CLE,CHA,20,77,58,38,1.0,3,11,8,6,7,False
DAL,IND,38,59,54,41,1.0,5,6,6,5,21,True
LAC,DET,73,25,49,48,-1.0,12,5,8,7,8,True
MEM,POR,64,33,31,68,-1.0,10,4,3,8,10,True
MIL,OKC,53,42,64,33,1.0,5,4,14,4,18,False
NJ,SAC,64,33,74,22,1.0,16,4,15,4,13,False
NY,DEN,61,36,33,64,-1.0,6,3,3,8,3,False
PHO,MIN,37,60,73,24,0.5,6,7,14,5,25,True
SA,HOU,34,61,37,60,0.0,3,6,4,6,8,True
TOR,BOS,59,39,26,71,-0.5,7,4,3,19,13,False
WAS,MIA,71,24,47,49,-1.0,8,2,4,4,10,True
CHA,WAS,58,39,71,25,0.5,8,6,8,2,16,True
DAL,CLE,38,60,21,77,-1.0,5,6,3,11,16,False
LAL,GS,21,75,63,33,1.0,2,7,9,3,33,True
ORL,MIL,28,70,54,42,0.5,3,7,5,4,2,True
POR,UTA,32,68,41,56,0.0,3,8,4,12,16,False
ATL,DET,39,59,50,48,1.0,4,8,8,7,6,False
BOS,MIA,26,72,48,49,0.0,3,19,4,4,7,True
HOU,OKC,38,60,64,34,1.0,4,6,14,4,9,True
MEM,LAC,64,34,73,26,0.2,10,4,12,5,10,False
MIN,DEN,74,24,33,65,-1.0,15,5,3,8,6,True
NJ,LAL,65,33,21,76,-1.0,17,4,2,7,19,False
NO,SAC,42,56,74,23,0.6,5,7,15,4,16,False
ORL,NY,28,71,62,36,0.5,3,7,6,3,12,True
PHI,SA,52,46,34,62,0.0,6,7,3,6,8,False
PHO,TOR,37,61,60,39,1.0,6,7,7,4,19,True
CHI,MIL,46,50,55,42,0.6,5,5,5,4,2,False
IND,GS,55,41,64,33,0.33,6,5,9,3,19,False
MEM,UTA,65,34,41,57,-1.0,10,4,4,12,27,False
PHI,DAL,53,46,39,60,-1.0,6,7,5,6,2,False
BOS,CHA,26,73,58,40,0.5,3,19,8,6,18,True
GS,DEN,64,34,34,65,-0.33,9,3,3,8,28,False
MIA,POR,49,49,33,68,-1.0,4,4,3,8,7,True
NO,LAL,43,56,21,77,-0.2,5,7,2,7,11,False
PHO,NY,37,62,63,36,0.0,6,7,6,3,27,False
WAS,TOR,72,25,61,39,-0.33,8,2,7,4,4,True
DAL,NJ,39,61,66,33,0.0,5,6,18,4,16,True
DET,CHI,50,49,47,50,-0.5,8,7,5,5,7,False
HOU,LAC,38,61,73,27,0.5,4,6,12,5,17,True
IND,SAC,56,41,74,24,1.0,6,5,15,4,5,False
MEM,MIN,66,34,74,25,0.0,10,4,15,5,2,True
MIL,WAS,55,43,72,26,0.33,5,4,8,2,2,False
NY,ORL,63,37,28,72,-0.6,6,3,3,7,14,False
PHI,OKC,54,46,65,34,0.0,7,7,14,4,11,False
PHO,CLE,38,62,21,78,-1.0,6,7,3,11,17,False
TOR,ATL,62,39,40,59,-0.5,7,4,4,8,31,False
BOS,SA,26,74,34,63,0.0,3,19,3,6,7,True
HOU,GS,38,62,65,34,1.0,4,6,9,3,2,True
MIA,DEN,49,50,34,66,-0.33,4,4,3,8,18,False
BOS,OKC,26,75,65,35,1.0,3,19,14,4,18,True
CHA,NJ,59,40,67,33,0.0,8,6,19,4,6,False
CHI,CLE,47,51,21,79,-0.6,5,5,3,11,14,False
DAL,MEM,39,62,66,35,0.0,5,6,10,4,16,False
IND,UTA,57,41,41,58,-1.0,6,5,4,12,9,False
MIA,LAL,50,50,21,78,0.0,4,4,2,7,1,False
MIL,DET,56,43,51,49,-0.2,5,4,8,7,9,False
MIN,NO,75,25,44,56,-0.33,15,5,5,7,9,False
NY,ATL,64,37,40,60,0.0,6,3,4,8,7,True
TOR,WAS,63,39,72,27,0.0,7,4,8,2,13,True
ATL,DAL,41,60,40,62,0.0,4,8,5,6,5,True
DEN,SA,34,67,35,63,0.33,3,8,3,6,7,True
HOU,POR,38,63,34,68,0.6,4,6,3,8,1,False
IND,LAC,58,41,74,27,0.33,6,5,12,5,16,False
ORL,GS,28,73,66,34,1.0,3,7,9,3,8,True
PHI,CHA,55,46,60,40,-0.2,8,7,8,6,1,False
SAC,PHO,74,25,39,62,-0.5,15,4,6,7,8,False
TOR,CHI,63,40,48,51,0.2,7,4,5,5,32,True
UTA,MIN,41,59,76,25,0.5,4,12,15,5,7,False
CLE,MIL,21,80,57,43,1.0,3,11,5,4,15,True
MIA,SAC,51,50,75,25,1.0,4,4,15,4,13,True
NJ,NY,67,34,64,38,-0.2,19,4,6,3,9,False
PHO,LAL,39,63,21,79,-0.6,6,7,2,8,20,False
WAS,DET,73,27,51,50,-0.6,8,2,8,7,4,False
DEN,PHI,34,68,56,46,1.0,3,8,9,7,10,True
GS,OKC,67,34,66,35,0.0,9,3,14,4,16,False
POR,NY,34,69,64,39,1.0,3,8,6,3,9,False
SA,UTA,36,63,42,59,0.2,3,6,4,12,3,False
CLE,MEM,21,81,66,36,1.0,3,11,10,4,9,True
DEN,CHA,34,69,60,41,1.0,3,8,8,6,12,False
MIL,BOS,58,43,26,76,-0.33,5,4,3,19,9,False
MIN,TOR,76,26,63,41,-1.0,15,5,7,4,6,False
NJ,CHI,68,34,49,51,-0.5,19,4,5,5,2,True
ORL,LAC,28,74,74,28,1.0,3,7,12,5,11,True
PHO,DAL,40,63,41,62,-0.5,6,7,5,6,1,False
SAC,NO,76,25,44,57,-0.33,15,4,5,7,2,False
CHI,ATL,50,51,41,61,-1.0,5,5,4,8,35,False
CLE,HOU,21,82,39,63,0.0,3,11,4,6,10,False
DET,PHI,51,51,57,46,0.0,8,7,10,7,4,True
GS,NJ,68,34,68,35,1.0,9,3,19,4,16,True
NO,MIN,44,58,77,26,0.5,5,7,15,5,1,True
POR,IND,35,69,59,41,1.0,3,8,6,5,11,True
SAC,SA,77,25,37,63,-1.0,15,4,3,6,12,False
TOR,MIL,63,42,59,43,0.0,7,4,5,4,22,False
UTA,LAL,42,60,21,80,-0.33,4,12,2,9,24,False
BOS,WAS,26,77,74,27,1.0,3,19,8,2,2,True
DEN,DET,35,69,51,52,-1.0,3,8,8,7,2,False
ORL,UTA,28,75,43,60,1.0,3,7,4,12,9,False
ATL,TOR,41,62,64,42,0.6,4,8,7,4,22,True
CHA,SA,60,42,37,64,-1.0,8,6,3,6,19,False
DAL,MIA,41,63,51,51,1.0,5,6,4,4,13,True
GS,CHI,68,35,51,51,-1.0,9,3,5,5,4,True
HOU,PHI,39,64,58,46,-1.0,4,6,11,7,5,True
MIN,LAL,78,26,21,81,-1.0,15,5,2,10,12,False
NJ,IND,69,35,60,41,-0.5,19,4,6,5,16,False
NY,NO,64,40,44,59,1.0,6,3,5,7,17,True
OKC,MEM,66,36,67,36,0.0,14,4,10,4,8,True
ORL,PHO,29,75,41,63,0.33,3,7,6,7,3,False
POR,CLE,35,70,22,82,0.0,3,8,3,11,5,False
BOS,CHI,26,78,52,51,0.5,3,19,5,5,26,True
CHA,DAL,61,42,41,64,-1.0,8,6,5,6,12,True
GS,DET,68,36,51,53,-1.0,9,3,8,7,9,False
IND,WAS,60,42,75,27,0.5,6,5,8,2,1,True
LAL,UTA,21,82,43,61,0.5,2,11,4,12,8,False
MIN,SAC,79,26,78,25,-0.5,15,5,15,4,20,False
PHO,DEN,41,64,36,69,1.0,6,7,3,8,6,False
POR,MIL,36,70,59,44,1.0,3,8,5,4,14,True
CLE,OKC,22,83,66,37,1.0,3,11,14,4,13,True
HOU,TOR,39,65,65,42,0.0,4,6,7,4,13,False
MEM,MIA,68,36,52,51,0.0,10,4,4,4,28,True
NJ,ATL,70,35,41,63,0.0,19,4,4,8,23,False
SA,LAC,37,65,75,28,1.0,3,6,12,5,25,True
BOS,MEM,26,79,68,37,1.0,3,19,10,4,5,True
GS,PHI,69,36,59,46,0.0,9,3,12,7,16,False
IND,ORL,60,43,30,75,-0.5,6,5,3,7,8,False
MIN,UTA,80,26,43,62,-0.2,15,5,4,12,2,True
NO,DAL,45,59,42,64,0.2,5,7,5,6,4,False
OKC,DEN,67,37,36,70,-1.0,14,4,3,8,9,False
WAS,LAC,76,27,76,28,0.0,8,2,12,5,2,False
DET,HOU,51,54,40,65,0.0,8,7,4,6,11,False
LAL,CHI,22,82,53,51,1.0,2,11,6,5,9,True
NJ,CLE,71,35,22,84,-1.0,19,4,3,11,10,False
NY,CHA,64,41,61,43,0.2,6,4,8,6,7,False
SA,PHO,37,66,42,64,0.5,3,6,6,7,12,False
SAC,POR,78,26,36,71,-1.0,15,4,3,8,7,False
TOR,MIA,65,43,53,51,0.5,7,4,4,4,20,False
CHA,IND,61,44,61,43,0.2,8,6,6,5,3,False
CLE,PHI,22,85,59,47,0.6,3,11,12,7,7,True
DAL,OKC,42,65,68,37,-0.33,5,6,14,4,14,True
DET,NO,52,54,46,59,-1.0,8,7,5,7,8,False
HOU,DEN,40,66,36,71,0.5,4,6,3,8,10,False
LAC,MIN,76,29,80,27,0.2,12,5,15,5,25,True
LAL,MIL,22,83,60,44,1.0,2,11,5,4,12,True
MEM,ATL,69,37,41,64,0.0,10,4,4,8,13,False
SA,GS,38,66,70,36,1.0,3,6,9,3,12,True
TOR,ORL,66,43,30,76,-0.33,7,4,3,7,19,False
UTA,NJ,44,62,72,35,0.0,4,12,19,4,16,True
WAS,SAC,77,27,79,26,1.0,8,2,15,4,3,False
NY,CHI,65,41,54,51,-0.33,6,4,7,5,9,False
ORL,MIA,30,77,53,52,0.2,3,7,4,4,18,False
PHO,POR,42,65,36,72,0.0,6,7,3,8,3,False
DEN,NO,36,72,46,60,0.0,3,8,5,7,6,False
DET,OKC,53,54,69,37,-0.33,8,7,14,4,11,False
HOU,DAL,41,66,42,66,-0.33,4,6,5,6,16,True
IND,MEM,61,44,70,37,0.0,6,5,10,4,13,False
LAC,NY,76,30,66,41,0.0,12,5,6,4,4,False
MIL,CLE,61,44,22,86,-1.0,5,4,3,11,3,False
NJ,TOR,73,35,67,43,0.0,19,4,7,4,23,False
PHI,BOS,60,47,26,80,-1.0,12,7,3,19,1,True
SAC,MIN,79,27,81,27,0.6,15,4,15,5,16,False
UTA,ATL,44,63,41,65,0.0,4,12,4,8,13,False
WAS,GS,78,27,71,36,0.0,8,2,9,3,9,True
ATL,CHI,41,66,54,52,1.0,4,8,7,5,6,True
IND,SA,62,44,38,67,-1.0,6,5,3,6,1,False
LAC,PHI,77,30,60,48,-1.0,12,5,12,7,13,True
LAL,NJ,22,84,74,35,1.0,2,11,19,4,19,True
OKC,HOU,69,38,41,67,-1.0,14,4,4,6,5,False
POR,ORL,36,73,31,77,0.0,3,8,3,7,9,False
SAC,MIL,80,27,62,44,-1.0,15,4,5,4,1,True
UTA,CHA,45,63,62,44,0.0,4,12,8,6,8,True
WAS,PHO,78,28,43,65,-1.0,8,2,6,7,26,False
CHA,NY,63,44,66,42,0.0,8,6,6,4,4,False
CLE,DAL,22,87,43,66,1.0,3,11,5,6,7,False
DEN,MEM,37,72,70,38,1.0,3,8,10,4,6,False
LAL,DET,22,85,54,54,0.33,2,11,8,7,12,True
MIN,BOS,81,28,27,80,-1.0,15,5,3,19,18,False
NO,TOR,46,61,67,44,0.33,5,7,7,4,6,False
POR,MIA,37,73,53,53,0.33,3,8,4,4,7,True
CLE,PHO,23,87,43,66,1.0,3,11,6,7,18,True
LAC,SA,77,31,38,68,-1.0,12,5,3,6,16,False
MIL,IND,63,44,63,44,0.0,5,4,6,5,3,True
SAC,CHI,80,28,55,52,-1.0,15,4,7,5,4,True
UTA,ORL,45,64,31,78,-0.33,4,12,3,7,5,False
ATL,MIN,41,67,82,28,1.0,4,8,15,5,25,True
CHI,NY,56,52,66,43,0.5,7,5,6,4,7,False
DET,CHA,55,54,64,44,0.6,8,7,8,6,12,False
GS,MEM,72,36,70,39,-0.5,9,3,10,4,13,False
IND,BOS,64,44,27,81,-0.2,6,5,3,19,9,False
LAC,HOU,78,31,41,68,-0.6,12,5,4,6,9,False
OKC,LAL,70,38,22,86,-1.0,14,4,2,11,3,False
PHI,WAS,61,48,79,28,0.6,12,7,8,2,7,False
POR,DAL,37,74,43,67,-1.0,3,8,5,6,4,True
ATL,DEN,41,68,38,72,0.33,4,8,3,8,20,False
CLE,SAC,23,88,80,29,1.0,3,11,15,4,13,True
GS,NO,73,36,47,61,0.0,9,3,5,7,6,False
HOU,ORL,41,69,31,79,1.0,4,6,3,7,15,False
MIN,NJ,83,28,75,35,0.33,15,5,19,4,4,True
OKC,PHO,71,38,44,66,-1.0,14,4,6,7,4,True
POR,SA,37,75,38,69,0.6,3,8,3,6,4,True
TOR,DET,67,45,56,54,-0.5,7,4,8,7,30,True
UTA,MIA,46,64,54,53,0.0,4,12,4,4,10,False
WAS,MIL,79,29,63,45,0.0,8,2,5,4,12,True
BOS,ORL,27,82,31,80,-0.2,3,19,3,7,9,True
CLE,LAL,23,89,22,87,-1.0,3,11,2,11,15,True
DEN,POR,38,73,37,76,0.2,3,8,3,8,11,False
LAC,PHO,79,31,45,66,-1.0,12,5,6,7,31,False
MIA,NY,54,54,66,44,0.5,4,4,6,4,6,True
ATL,IND,42,68,65,44,0.6,4,8,6,5,12,True
CHA,OKC,64,45,71,39,0.0,8,6,14,4,7,False
HOU,NJ,42,69,76,35,1.0,4,6,19,4,5,True
LAL,SAC,23,87,81,29,0.5,2,11,15,4,18,True
MEM,DAL,70,40,44,67,0.2,10,4,5,6,5,False
NO,CHI,47,62,57,52,-1.0,5,7,7,5,11,False
PHI,UTA,62,48,47,64,-1.0,12,7,4,12,21,False
PHO,GS,45,67,74,36,0.6,6,7,9,3,5,False
SA,MIL,39,69,64,45,-0.33,3,6,5,4,15,True
WAS,MIN,79,30,83,29,1.0,8,2,15,5,12,False
BOS,LAC,27,83,80,31,0.0,3,19,12,5,2,False
DAL,DEN,44,68,39,73,-1.0,5,6,3,8,8,True
DET,TOR,57,54,67,46,0.2,8,7,7,4,7,False
HOU,CLE,42,70,23,90,0.33,4,6,3,11,25,False
IND,MIA,66,44,54,55,0.0,6,5,4,4,34,False
SA,NY,39,70,67,44,1.0,3,6,6,4,7,True
BOS,GS,28,83,74,37,0.33,3,19,9,3,4,False
DEN,SAC,40,73,82,29,0.5,3,8,15,4,5,False
LAL,PHO,23,88,46,67,0.67,2,11,6,7,15,False
MIL,CHA,65,45,65,45,0.6,5,4,8,6,10,False
OKC,NJ,71,40,77,35,1.0,14,4,19,4,16,True
PHI,POR,63,48,37,77,1.0,12,7,3,8,11,True
WAS,MEM,80,30,71,40,-1.0,8,2,10,4,9,True
CLE,ATL,23,91,42,69,0.5,3,11,4,8,11,True
GS,LAL,74,38,24,88,-1.0,9,3,2,11,6,False
IND,CHI,67,44,57,53,0.0,6,5,7,5,9,False
MIN,SA,83,30,39,71,-1.0,15,5,3,6,18,False
NO,HOU,48,62,43,70,-0.5,5,7,4,6,8,False
NY,DET,68,44,58,54,0.0,6,4,8,7,17,True
OKC,WAS,71,41,80,31,0.33,14,4,8,2,12,True
ATL,CLE,43,69,23,92,-0.6,4,8,3,11,5,False
BOS,PHO,29,83,46,68,0.33,3,19,6,7,18,False
CHA,TOR,65,46,67,47,0.2,8,6,7,4,4,False
LAC,POR,80,32,38,77,-0.5,12,5,3,8,4,False
MEM,IND,72,40,68,44,0.33,10,4,7,5,11,True
MIA,NO,54,56,49,62,-0.33,4,4,5,7,4,False
MIL,ORL,66,45,32,80,-0.6,5,4,3,7,25,False
NY,NJ,68,45,78,35,0.33,6,4,19,4,9,False
PHI,SAC,63,49,82,30,1.0,12,7,15,4,10,True
UTA,MIN,47,65,84,30,0.0,4,12,15,5,4,True
CHI,DET,57,54,59,54,0.6,7,5,8,7,11,True
DAL,HOU,44,69,43,71,0.14,5,6,4,6,3,False
MIA,SA,55,56,39,72,0.0,4,4,3,6,30,False
PHI,LAC,63,50,81,32,0.33,12,7,12,5,16,False
UTA,OKC,47,66,71,42,0.2,4,12,14,4,1,False
NY,ATL,69,45,44,69,0.2,6,4,4,8,13,True
ORL,MIN,32,81,85,30,1.0,3,7,15,5,12,True
SAC,LAL,83,30,24,89,-0.6,15,4,2,11,1,False
CHA,MIA,66,46,56,56,-0.5,8,6,4,4,10,True
CLE,NJ,23,93,78,36,1.0,3,11,19,4,8,True
DAL,SAC,45,69,84,30,0.6,5,6,15,4,8,True
DEN,UTA,41,73,48,66,0.2,3,8,4,12,10,True
GS,POR,75,38,38,78,0.5,9,3,3,8,16,False
HOU,NO,43,72,49,63,0.6,4,6,5,7,4,False
MEM,PHO,72,41,46,69,-0.6,10,4,6,7,25,True
MIN,IND,86,30,69,44,0.0,15,5,8,5,11,False
OKC,MIL,71,43,67,45,-0.33,14,5,5,4,9,True
ORL,CHI,32,82,57,55,0.5,3,7,7,5,8,False
SA,WAS,39,73,81,31,1.0,3,6,8,2,11,True
TOR,BOS,67,48,30,83,-0.6,7,5,3,19,7,False
CHA,CLE,66,47,23,94,-0.6,8,6,3,11,3,True
DAL,LAL,45,70,24,90,-0.5,5,6,2,11,35,False
IND,NY,69,45,69,46,-0.2,8,5,6,4,43,False
PHI,DEN,64,50,41,74,-1.0,12,7,3,8,3,True
SA,TOR,39,74,68,48,0.33,3,6,7,5,5,False
ATL,MIA,45,69,57,56,0.6,4,8,4,4,17,False
NO,UTA,49,64,49,66,-1.0,5,7,4,12,4,True
OKC,CHI,71,44,57,56,0.0,14,6,7,5,13,True
POR,LAC,38,79,81,33,0.6,3,8,12,5,10,False
CHI,CHA,58,56,66,48,0.5,7,5,8,6,5,False
DET,DAL,60,54,46,70,-1.0,9,7,5,6,5,False
GS,DEN,76,38,42,74,-0.5,9,3,3,8,1,False
HOU,LAL,44,72,24,91,-0.67,4,6,2,11,9,False
MEM,POR,72,42,39,79,-0.67,10,4,3,8,4,True
MIL,NJ,68,45,79,36,0.2,5,4,19,4,22,True
ORL,IND,33,82,70,45,0.6,3,7,8,5,7,False
PHO,SAC,47,69,85,30,0.6,6,7,15,4,4,True
WAS,PHI,82,31,64,51,-0.33,8,2,12,7,7,True
BOS,MIA,30,84,57,57,0.2,3,19,4,4,11,True
DET,SA,61,54,40,74,0.0,10,7,3,6,20,False
GS,MIN,77,38,87,30,-0.2,9,3,15,5,6,True
HOU,PHO,45,72,47,70,0.0,4,6,6,7,8,False
LAL,LAC,24,92,81,34,1.0,2,11,12,5,11,False
MEM,UTA,72,43,50,66,-1.0,10,4,4,12,23,False
NJ,ATL,80,36,46,69,-0.2,19,4,4,8,30,False
NO,OKC,49,65,71,45,1.0,5,7,14,7,5,True
TOR,ORL,68,49,34,82,-0.43,7,5,3,7,5,True
WAS,CLE,82,32,24,94,0.0,8,2,3,11,23,False
CHA,NY,66,49,69,47,-0.14,8,6,6,4,4,False
BOS,ATL,30,85,46,70,0.6,3,19,4,8,8,False
CHI,MIL,59,56,68,46,0.33,7,5,5,4,3,False
CLE,DEN,24,95,42,75,1.0,3,11,3,8,2,False
DAL,SA,46,71,40,75,-0.33,5,6,3,6,9,True
IND,MIN,70,46,88,30,0.33,8,5,15,5,7,False
LAL,POR,25,92,40,79,0.0,2,11,3,8,9,False
MIA,PHO,58,57,47,71,0.33,4,4,6,7,4,True
NJ,NO,81,36,49,66,-1.0,19,4,5,7,4,False
ORL,WAS,35,82,83,32,1.0,3,7,8,2,7,False
SAC,GS,86,30,77,39,0.6,15,4,9,3,7,False
TOR,PHI,68,50,65,51,0.0,7,5,12,7,2,True
UTA,MEM,50,67,73,43,1.0,4,12,10,4,2,False
ATL,ORL,46,71,36,82,-0.6,4,8,4,7,32,False
DEN,SAC,42,76,87,30,0.2,3,8,15,4,2,False
IND,OKC,71,46,72,45,1.0,8,5,14,7,6,False
MEM,CHA,73,44,67,49,-1.0,10,4,8,6,2,False
MIN,CHI,88,31,60,56,0.0,15,5,7,5,14,False
NY,HOU,69,48,46,72,0.0,6,4,4,6,9,False
PHI,DET,66,51,62,54,-0.2,12,7,11,7,10,True
UTA,DAL,51,67,46,72,-0.2,4,12,5,6,18,True
BOS,TOR,31,85,68,51,0.67,3,19,7,5,7,True
CLE,POR,25,95,40,80,0.33,3,11,3,8,12,True
MIA,LAC,58,58,81,35,0.0,4,4,12,5,10,False
MIL,LAL,68,47,26,92,-1.0,5,4,2,11,18,False
NJ,SA,82,36,41,75,-1.0,19,4,3,6,12,False
NO,WAS,49,67,83,33,1.0,5,7,8,2,5,True
ATL,BOS,47,71,31,86,-0.33,4,8,3,19,6,True
CLE,GS,25,96,77,40,1.0,3,11,9,3,3,True
DET,CHI,63,54,60,57,-0.67,12,7,7,5,33,False
MIA,UTA,59,58,51,68,0.33,4,4,4,12,29,False
MIL,PHO,69,47,48,71,-1.0,5,4,6,7,4,False
MIN,DEN,89,31,43,76,-0.67,15,5,3,8,11,False
NO,PHI,49,68,66,52,1.0,5,7,12,7,4,False
NY,OKC,70,48,72,46,0.0,6,4,14,7,18,False
TOR,IND,69,51,72,46,0.2,7,5,8,5,4,False
DET,WAS,64,54,84,33,0.67,13,7,8,2,9,True
HOU,CHA,46,73,67,50,1.0,4,6,8,6,8,False
LAC,MEM,81,36,74,44,0.0,12,5,10,4,2,False
LAL,SA,26,93,41,76,0.33,2,11,3,6,20,False
ORL,SAC,36,83,87,31,1.0,4,7,15,4,21,True
BOS,NJ,32,86,83,36,1.0,3,19,19,4,24,True
LAC,NO,82,36,50,68,-1.0,12,5,5,7,14,False
LAL,DAL,27,93,47,72,0.6,2,11,5,6,5,True
MIA,GS,60,58,78,40,1.0,4,4,9,3,13,True
MIL,POR,70,47,41,80,-1.0,5,4,3,8,12,False
MIN,HOU,90,31,47,73,-1.0,15,5,4,6,25,True
NY,PHI,71,48,66,53,-1.0,6,4,12,7,1,True
ORL,DEN,36,84,43,77,0.0,4,7,3,8,18,False
PHO,IND,48,72,72,47,0.0,6,7,8,5,8,False
SA,OKC,41,77,72,47,-0.2,3,6,14,7,10,True
WAS,ATL,85,33,47,72,-1.0,8,2,4,8,12,False
CHI,BOS,60,58,32,87,-0.6,7,5,3,19,13,True
CLE,UTA,25,97,51,69,1.0,3,11,4,12,1,False
IND,NJ,72,48,84,36,0.6,8,5,19,4,16,True
LAC,LAL,83,36,27,94,-0.67,12,5,2,11,40,False
MIA,HOU,60,59,48,73,-1.0,4,4,4,6,9,True
MIL,GS,71,47,79,40,0.33,5,4,9,3,9,True
MIN,MEM,90,32,74,45,-0.2,15,5,10,4,25,False
NO,DET,50,69,64,55,1.0,5,7,13,7,8,True
OKC,DAL,73,47,48,72,0.0,14,7,5,6,1,False
ORL,POR,37,84,41,81,0.33,4,7,3,8,15,False
PHO,ATL,49,72,47,73,1.0,6,7,4,8,1,False
SA,CHA,41,78,67,51,1.0,3,6,8,6,16,False
SAC,PHI,88,31,67,53,-1.0,15,4,12,7,12,False
TOR,NY,70,51,71,49,0.0,7,5,6,4,8,True
WAS,CHI,86,33,60,59,-0.5,8,2,7,5,15,True
CLE,LAC,26,97,84,36,1.0,3,11,12,5,1,True
MIA,OKC,60,60,74,47,0.33,4,4,14,7,18,False
MIL,UTA,71,48,51,70,0.0,5,4,4,12,17,False
NY,DET,72,49,65,55,0.2,6,4,13,7,4,False
PHO,CHA,50,72,67,52,0.0,6,7,8,6,26,False
SA,MEM,42,78,74,46,0.5,3,6,10,4,6,False
SAC,WAS,89,31,86,34,-0.33,15,4,8,2,10,False
DAL,TOR,48,73,70,52,1.0,5,6,7,5,22,False
CHI,GS,61,59,80,40,0.33,7,5,9,3,17,False
DAL,BOS,49,73,33,87,-1.0,5,6,3,19,9,True
DET,NY,65,56,73,49,0.0,13,7,6,4,8,False
MIL,HOU,72,48,49,73,0.0,5,4,4,6,7,True
NJ,LAC,85,36,85,36,0.0,19,4,12,5,11,False
OKC,ATL,74,48,47,74,-1.0,14,7,4,8,3,True
ORL,LAL,38,84,27,95,1.0,4,7,2,11,6,False
PHI,MIN,67,54,91,32,0.0,12,7,15,5,4,True
PHO,MEM,51,72,74,47,0.33,6,7,10,4,7,False
POR,WAS,41,82,86,35,1.0,3,8,8,2,5,False
SA,NO,43,78,50,70,-0.2,3,6,5,7,7,True
SAC,CHA,90,31,67,53,-1.0,15,4,8,6,2,False
IND,MIA,72,49,61,60,-0.2,8,5,4,4,30,False
TOR,CLE,70,53,26,98,-0.5,7,5,3,11,8,False
BOS,DET,34,87,66,56,0.5,3,19,13,7,6,False
CHI,LAC,62,59,85,37,0.0,7,5,12,5,7,False
DAL,WAS,49,74,86,36,0.33,5,6,8,3,1,True
DEN,GS,43,78,80,41,0.6,3,8,9,3,18,True
IND,ORL,73,49,39,84,-0.33,8,5,4,7,11,False
MEM,NO,74,48,51,70,-0.5,10,4,5,7,2,False
MIA,CHA,61,61,67,54,0.2,4,4,8,6,39,False
NJ,PHO,86,36,52,72,0.0,19,4,6,7,24,False
OKC,MIN,74,49,92,32,0.0,14,7,15,5,2,True
POR,PHI,42,82,67,55,-1.0,3,8,12,7,8,True
SAC,ATL,91,31,48,74,-1.0,15,4,4,8,11,False
TOR,MIL,71,53,72,49,-0.2,7,5,5,4,6,False
UTA,SA,51,71,43,79,0.0,4,12,3,6,7,True
LAC,DEN,85,38,43,79,-0.6,12,5,3,8,20,False
LAL,CLE,27,96,26,99,0.33,2,11,3,11,6,False
CHA,ATL,67,55,48,75,-0.2,8,6,4,8,14,False
CHI,PHO,63,59,52,73,1.0,7,5,6,7,11,True
DAL,PHI,49,75,68,55,1.0,5,6,12,7,11,False
HOU,SA,50,73,44,79,-0.2,4,6,3,6,7,True
IND,DET,74,49,66,57,-0.5,8,5,13,7,12,True
LAL,NY,28,96,73,50,1.0,2,11,6,4,10,True
MIA,WAS,62,61,87,36,0.71,4,4,8,3,24,True
MIL,TOR,72,50,72,53,0.33,5,4,7,5,5,False
NJ,GS,87,36,81,41,-1.0,19,4,9,3,32,False
NO,MIN,51,71,93,32,0.6,5,7,15,5,2,True
OKC,MEM,74,50,75,48,0.2,14,7,10,4,2,False
POR,BOS,42,83,35,87,0.0,3,8,3,19,4,True
SAC,ORL,92,31,39,85,-1.0,15,4,4,7,16,False
CHI,HOU,63,60,50,74,0.0,7,5,4,6,7,True
GS,PHO,81,42,53,73,-0.33,9,3,6,7,9,False
MIN,MIL,94,32,73,50,0.33,15,5,5,4,33,False
NJ,UTA,88,36,51,72,-0.33,19,4,4,12,33,False
NO,DEN,51,72,43,80,0.2,5,7,3,8,9,True
OKC,CLE,75,50,26,100,-1.0,14,7,3,11,1,False
ORL,CHA,39,86,68,55,0.67,4,7,8,6,14,True
PHI,IND,68,56,74,50,0.0,12,7,8,5,10,True
POR,DET,42,84,67,57,1.0,3,8,13,7,4,True
SAC,MIA,93,31,62,62,-1.0,15,4,4,4,31,False
DAL,NY,50,75,74,50,1.0,5,6,6,4,50,True
LAC,WAS,86,38,88,36,0.33,12,5,8,3,14,True
LAL,TOR,28,97,72,54,1.0,2,11,7,5,1,False
ATL,HOU,48,76,51,74,0.33,4,8,4,6,7,True
CHA,DEN,69,55,44,80,-0.33,8,6,3,8,11,False
CHI,SA,63,61,45,79,-0.33,7,5,3,6,5,True
CLE,MIA,26,101,62,63,0.6,3,11,4,4,1,True
IND,PHI,75,50,68,57,-0.2,8,5,12,7,11,True
LAC,BOS,86,39,36,87,0.33,12,5,4,19,6,False
NO,POR,51,73,42,85,-0.2,5,7,3,8,1,True
ORL,MEM,39,87,75,49,0.0,4,7,10,4,5,False
PHO,UTA,53,74,51,73,0.5,6,7,4,12,9,False
CHA,PHO,70,55,54,74,0.33,8,6,6,7,16,True
GS,SAC,82,42,94,31,-0.33,9,3,15,4,3,False
LAL,WAS,29,97,89,36,1.0,2,11,8,3,12,True
MIL,DAL,73,51,50,76,-0.33,5,4,5,6,1,False
MIN,NY,95,32,75,50,0.0,15,5,6,4,27,False
ATL,SA,48,77,46,79,-1.0,4,8,3,6,15,False
CHI,OKC,63,62,76,50,-0.33,7,5,14,7,10,True
DEN,HOU,44,81,52,74,-0.2,3,8,4,6,5,True
LAC,NJ,87,39,89,36,0.33,12,5,19,4,16,False
LAL,IND,29,98,75,51,0.0,2,11,8,5,22,True
MEM,DET,75,50,68,57,-0.33,10,4,13,7,6,True
MIA,TOR,63,63,72,55,-0.2,4,4,7,5,8,False
MIN,CLE,96,32,26,102,-1.0,15,5,3,11,14,False
NO,GS,51,74,83,42,0.2,5,7,9,3,13,True
PHI,MIL,69,57,74,51,1.0,12,7,5,4,3,False
UTA,POR,51,74,43,85,0.2,4,12,3,8,11,True
BOS,ORL,36,88,40,87,0.0,4,19,4,7,2,False
DAL,PHO,50,77,55,74,0.6,5,6,6,7,6,False
TOR,NY,72,56,75,51,0.2,7,5,6,4,2,True
BOS,ATL,37,88,49,77,0.14,4,19,4,8,9,False
CHA,GS,70,56,84,42,0.0,8,6,9,3,11,True
CHI,NO,63,63,51,75,1.0,7,5,5,7,6,True
CLE,IND,26,103,76,51,0.6,3,11,8,5,21,True
DEN,OKC,44,82,77,50,1.0,3,8,14,7,17,False
LAC,MIN,88,39,97,32,0.33,12,5,15,5,14,False
LAL,PHI,29,99,70,57,0.0,2,11,12,7,8,True
MEM,SA,75,51,46,80,-0.2,10,4,3,6,7,False
MIA,DET,64,63,69,57,0.0,4,4,13,7,27,True
POR,HOU,44,85,53,74,-0.33,3,8,4,6,4,False
SAC,UTA,94,32,51,75,-0.6,15,4,4,12,7,False
WAS,NJ,90,36,89,37,0.2,8,3,19,4,2,True
ATL,ORL,49,78,40,88,-0.67,4,8,4,7,18,False
CHA,SAC,70,57,95,32,1.0,8,6,15,4,7,True
MIA,MIL,64,64,74,52,0.33,4,4,5,4,11,False
NO,MEM,52,75,76,51,0.6,5,7,10,4,12,True
NY,WAS,76,51,90,37,0.5,6,4,8,3,10,False
POR,DAL,45,85,51,77,-0.5,3,8,5,6,11,True
DEN,SA,45,82,46,81,0.5,3,8,3,6,14,True
GS,OKC,85,42,77,51,-0.2,9,3,14,7,8,False
IND,TOR,77,51,72,57,0.0,8,5,7,5,15,False
LAC,CLE,89,39,26,104,-1.0,12,5,3,11,25,False
LAL,BOS,29,100,38,88,1.0,2,11,4,19,1,True
NY,MIN,77,51,97,33,0.33,6,4,15,5,21,False
ORL,DET,40,89,70,57,-0.6,4,7,13,7,5,True
PHI,NJ,71,57,90,37,-0.33,12,7,19,4,4,True
PHO,HOU,55,75,53,75,0.2,6,7,4,6,15,True
BOS,WAS,39,88,90,38,1.0,4,19,8,3,11,True
CHA,POR,70,58,45,86,-1.0,8,6,3,8,19,False
DAL,UTA,52,77,51,76,0.0,5,6,4,12,12,False
LAL,MEM,29,101,77,51,1.0,2,11,10,4,2,False
MIL,MIA,74,53,65,64,0.0,5,4,4,4,16,True
PHO,NO,55,76,52,76,-0.2,6,7,5,7,9,True
SAC,DEN,96,32,45,83,0.0,15,4,3,8,10,True
ATL,OKC,50,78,77,52,0.33,4,8,14,7,7,False
DET,NJ,71,57,91,37,0.0,13,7,19,4,4,True
GS,HOU,86,42,54,75,-1.0,9,3,4,6,22,False
LAC,CHI,90,39,63,64,0.33,12,5,7,5,8,True
MEM,CLE,77,52,26,105,-1.0,10,4,3,11,16,False
MIL,ORL,74,54,40,90,-0.67,5,4,4,7,17,False
TOR,IND,72,58,78,51,0.14,7,5,8,5,15,False
CHA,LAL,71,58,30,101,1.0,8,6,2,11,2,False
CHI,PHI,64,64,71,58,0.2,7,5,12,7,9,True
GS,DAL,87,42,53,77,0.0,9,3,5,6,9,False
LAC,ATL,90,40,51,78,0.0,12,5,4,8,6,False
MIA,BOS,66,64,39,89,-0.33,4,4,4,19,5,False
NJ,TOR,92,37,73,58,-0.2,19,4,7,5,9,False
OKC,NO,77,53,53,76,-1.0,14,7,5,7,4,True
PHO,DEN,55,77,46,83,0.5,6,7,3,8,12,True
POR,UTA,45,87,51,77,-0.33,3,8,4,12,13,False
SA,SAC,47,81,96,33,1.0,3,6,15,4,2,True
WAS,NY,91,38,78,51,-0.2,8,3,6,4,22,False
MIA,CLE,67,64,26,106,-0.67,4,4,3,11,16,False
SA,POR,47,82,46,87,-0.67,3,6,3,8,3,False
CHI,ATL,64,65,51,79,-1.0,7,5,4,8,10,False
DEN,LAL,47,83,30,102,-0.2,3,8,2,11,13,True
DET,IND,71,58,78,52,0.2,13,7,8,5,24,False
HOU,MEM,54,76,78,52,0.2,4,6,10,4,18,True
MIL,NY,75,54,78,52,0.6,5,4,6,4,7,True
MIN,DAL,97,34,53,78,-1.0,15,5,5,6,9,True
NJ,BOS,93,37,39,90,-1.0,19,4,4,19,9,False
PHI,NO,72,58,54,76,-0.33,12,7,5,7,7,True
PHO,SAC,55,78,97,33,0.67,6,7,15,4,12,True
WAS,ORL,92,38,40,91,-0.6,8,3,4,7,1,True
DEN,UTA,47,84,51,78,0.33,3,8,4,12,10,False
IND,MIL,78,53,75,55,-0.2,8,5,5,4,12,False
LAL,POR,31,102,46,88,-0.2,2,11,3,8,17,True
MEM,MIN,79,52,97,35,0.33,10,4,15,5,7,False
MIA,CHI,68,64,65,65,0.2,4,4,7,5,4,False
NJ,DET,94,37,72,58,-0.2,19,4,13,7,7,False
NO,CHA,55,76,72,58,0.0,5,7,8,6,5,True
NY,CLE,79,52,26,107,-1.0,6,4,3,11,7,False
OKC,GS,77,54,88,42,0.33,14,7,9,3,9,True
PHI,HOU,72,59,54,77,0.33,12,7,4,6,7,True
SA,LAC,48,82,91,40,1.0,3,6,12,5,17,True
ORL,BOS,41,91,39,91,0.14,4,7,4,19,7,True
SAC,TOR,98,33,73,59,-1.0,15,4,7,5,11,False
DAL,GS,54,78,89,42,0.2,5,6,9,3,10,True
NO,ORL,55,77,41,92,0.0,5,7,4,7,6,False
SA,LAL,48,83,31,103,0.0,3,6,2,11,12,False
ATL,MEM,51,80,80,52,0.33,4,8,10,4,14,True
CHI,IND,65,66,79,53,0.2,7,5,8,5,8,True
DAL,DEN,54,79,48,84,-0.6,5,6,3,8,36,False
DET,MIL,72,59,75,56,0.33,13,7,5,4,12,True
HOU,MIA,55,77,69,64,0.33,4,6,5,4,33,False
MIN,PHI,97,36,72,60,-0.33,15,5,12,7,22,False
NJ,CLE,95,37,26,108,-1.0,19,4,3,11,7,False
OKC,POR,77,55,47,88,-0.6,14,7,3,8,12,True
SAC,NY,99,33,80,52,0.33,15,4,6,4,13,True
UTA,LAC,51,79,92,40,1.0,4,12,12,5,10,True
WAS,CHA,92,39,73,58,-0.6,8,3,8,6,2,False
BOS,NO,40,91,56,77,1.0,4,19,5,7,8,False
CHA,MIN,73,59,98,36,0.0,8,6,15,5,1,True
LAC,GS,93,40,90,42,-0.2,12,5,9,3,30,False
LAL,UTA,31,104,51,80,0.2,2,11,4,13,15,True
MIA,ATL,69,65,51,81,-0.33,5,4,4,8,18,True
MIL,NJ,76,56,96,37,0.33,5,4,19,4,20,True
ORL,CHI,41,93,65,67,0.2,4,7,7,5,20,True
PHI,TOR,72,61,73,60,-0.2,12,7,7,5,11,False
POR,PHO,48,88,55,79,0.2,3,8,6,7,7,True
SAC,DET,99,34,72,60,-1.0,15,4,13,7,6,True
ORL,CLE,41,94,26,109,0.0,4,7,3,12,9,False
SA,DEN,49,83,48,85,-0.6,3,6,3,8,19,True
BOS,SAC,41,91,99,35,1.0,4,19,15,4,3,True
DAL,OKC,55,79,77,56,0.2,5,6,14,7,13,False
GS,LAL,90,43,31,105,-1.0,9,3,2,11,10,False
LAC,POR,94,40,48,89,-0.33,12,5,3,8,22,False
MIA,PHI,69,66,73,61,0.0,5,4,12,7,27,True
MIN,DET,99,36,73,60,0.0,15,5,13,7,23,False
NJ,CHA,97,37,73,60,0.2,19,4,8,6,9,True
NY,CHI,81,52,66,67,-0.2,6,4,7,5,33,False
PHO,MEM,56,79,81,52,0.14,6,7,10,4,14,True
UTA,HOU,52,80,56,77,0.2,4,13,4,6,9,True
ATL,LAC,52,81,95,40,0.33,4,8,12,5,18,True
CHI,NY,66,68,82,52,0.33,7,5,6,4,6,True
DET,ORL,73,61,42,94,0.33,13,7,4,7,25,False
HOU,MIL,57,77,76,57,-0.33,4,6,5,4,28,True
MEM,TOR,82,52,73,61,0.33,10,4,7,5,12,True
MIA,NJ,69,67,97,38,0.2,5,4,19,4,3,True
MIN,WAS,100,36,93,39,-0.33,15,5,8,3,9,False
PHO,DAL,56,80,56,79,-0.33,6,7,5,6,10,False
SA,IND,49,84,80,53,1.0,3,6,8,5,3,True
SAC,GS,100,35,91,43,0.43,15,4,9,3,32,False
UTA,NO,52,81,56,78,0.5,4,13,5,7,8,True
BOS,LAL,41,92,31,106,-1.0,4,19,2,11,1,True
DEN,CLE,49,85,26,110,-0.33,3,8,3,13,12,True
ATL,PHO,52,82,57,80,-0.33,4,8,6,7,8,False
BOS,POR,41,93,48,90,-0.33,4,19,3,8,20,True
CHI,MIN,66,69,101,36,0.33,7,5,15,5,6,True
CLE,CHA,27,110,74,60,0.33,3,13,8,6,17,False
DAL,ORL,56,80,42,95,0.0,5,6,4,7,10,True
DEN,WAS,49,86,93,40,1.0,3,8,8,3,10,False
IND,NO,81,53,57,78,-1.0,8,5,5,7,6,False
MIA,MEM,69,68,82,53,-0.33,5,4,10,4,24,True
MIL,DET,77,57,74,61,-0.43,5,4,13,7,6,True
SA,PHI,49,85,74,61,0.33,3,6,12,7,12,False
TOR,NJ,74,61,98,38,0.33,7,5,19,4,17,True
UTA,GS,52,82,91,44,0.0,4,13,9,3,11,True
CHA,MIL,74,61,77,58,-0.33,8,6,5,4,5,False
IND,HOU,82,53,57,78,1.0,8,5,4,6,10,True
MIA,DAL,69,69,56,81,-1.0,5,5,5,6,6,False
OKC,NY,77,57,83,52,0.33,14,7,6,4,16,True
PHI,CHI,74,62,66,70,-0.33,12,7,7,5,32,False
SAC,LAC,101,35,96,40,0.5,15,4,12,5,10,False
WAS,TOR,93,41,74,62,-0.2,8,3,7,5,5,False
ATL,GS,53,82,92,44,0.0,4,8,9,3,4,False
BOS,DEN,41,94,50,86,0.0,4,19,3,8,9,False
CLE,ORL,28,110,43,95,0.2,3,13,4,7,6,False
HOU,NO,58,78,57,79,0.33,4,6,5,7,8,False
MEM,NJ,83,53,99,38,-1.0,10,4,19,4,10,True
OKC,MIN,77,58,102,36,0.2,14,8,15,5,2,True
SA,DET,50,85,75,61,0.33,3,6,13,7,8,True
SAC,PHO,102,35,57,81,-0.71,15,4,6,7,16,False
UTA,POR,52,83,49,90,0.43,4,13,3,8,10,True
ATL,UTA,54,82,52,84,0.33,4,8,4,13,5,True
CHA,LAC,75,61,96,41,1.0,8,6,12,5,4,False
CHI,WAS,66,71,94,41,0.2,7,5,8,3,6,False
IND,DAL,82,54,56,82,-1.0,8,5,5,6,9,False
MIL,NY,77,59,84,52,0.67,5,4,6,4,16,True
DET,SAC,76,61,103,35,0.33,13,7,15,4,12,True
LAL,MEM,32,106,83,54,0.67,2,11,10,4,1,True
MIN,MIA,103,36,70,69,0.0,15,5,5,5,3,True
NO,CLE,57,80,29,110,0.0,5,7,3,13,10,False
NY,BOS,85,52,42,94,-0.6,7,4,4,19,4,False
PHI,GS,75,62,92,45,0.33,12,7,9,3,8,True
PHO,OKC,57,82,77,59,0.6,6,7,14,9,2,True
POR,NJ,50,90,100,38,1.0,3,8,19,4,9,True
CHA,UTA,76,61,53,84,-0.33,8,6,4,13,9,False
DET,LAC,76,62,96,42,0.33,13,7,12,5,6,False
IND,CHI,83,54,67,71,-0.33,8,5,7,5,10,False
LAL,DAL,32,107,56,83,0.67,2,11,5,6,5,False
MEM,WAS,84,54,94,42,0.33,10,4,8,3,5,True
MIN,ATL,103,37,54,83,-1.0,15,5,4,8,6,False
NO,MIL,58,80,77,60,0.33,5,7,5,4,20,False
OKC,SA,78,59,50,86,0.0,14,9,3,6,8,False
ORL,HOU,43,96,59,78,-0.33,4,7,4,6,18,True
PHI,PHO,75,63,57,83,-0.33,12,7,6,7,11,False
POR,TOR,50,91,74,63,1.0,3,8,7,5,14,True
CLE,BOS,29,111,42,95,-0.2,3,13,4,19,20,True
DEN,GS,50,87,93,45,0.67,3,8,9,3,15,True
MIL,IND,77,61,84,54,0.33,5,4,8,5,2,True
CHA,MEM,77,61,84,55,1.0,8,6,10,4,4,True
CLE,TOR,29,112,75,63,0.6,3,13,7,5,15,True
DAL,ATL,56,84,54,84,-0.33,5,6,4,8,12,True
DET,DEN,77,62,50,88,1.0,13,7,3,8,5,False
LAC,PHO,96,43,57,84,-1.0,12,5,6,7,13,False
MIN,OKC,104,37,79,59,-0.33,15,5,14,9,17,False
NY,WAS,86,52,95,42,0.33,8,4,8,3,6,True
ORL,NO,43,97,59,80,0.33,4,7,5,7,7,False
PHI,LAL,76,63,33,107,-0.33,12,7,2,11,9,False
POR,CHI,50,92,67,72,1.0,3,8,7,5,8,True
SA,HOU,50,87,60,78,0.0,3,6,4,6,5,False
UTA,SAC,53,85,104,35,0.67,4,13,15,4,4,False
CHI,IND,68,72,85,54,0.43,7,5,8,5,10,False
DET,GS,78,62,94,45,1.0,13,7,9,3,7,False
HOU,UTA,60,79,54,85,-0.33,4,6,4,13,23,False
MEM,NY,85,55,86,53,-1.0,10,4,8,4,11,True
MIL,MIA,77,62,71,69,0.2,5,5,5,5,23,True
NJ,BOS,101,38,43,95,-1.0,19,4,4,19,8,True
POR,MIN,50,93,105,37,1.0,3,8,15,5,19,True
DEN,LAL,50,89,33,108,0.0,3,8,2,11,6,False
LAC,SAC,97,43,104,36,-0.2,12,5,15,4,5,False
MIA,ORL,72,69,44,97,0.0,5,5,4,7,16,False
MIL,ATL,77,63,55,84,-0.5,5,6,4,8,10,True
NO,DAL,59,81,56,85,0.0,5,7,5,6,8,False
PHO,SA,57,85,51,87,-0.2,6,7,3,6,3,False
TOR,OKC,76,63,79,60,0.0,7,5,14,9,20,False
WAS,NJ,96,42,101,39,0.33,8,3,19,4,4,True
ATL,CHI,56,84,69,72,1.0,4,8,7,5,24,True
DAL,CHA,56,86,77,62,0.33,5,7,8,6,5,True
DEN,PHO,51,89,58,85,-0.6,3,8,6,7,16,False
NY,CLE,87,53,29,113,-1.0,8,4,3,13,31,False
ORL,PHI,44,98,77,63,1.0,4,7,12,7,21,True
POR,MEM,50,94,85,56,0.43,3,8,10,4,10,True
SA,NO,51,88,60,81,0.0,3,6,5,7,14,True
TOR,HOU,77,63,61,79,0.33,7,5,4,6,24,False
UTA,LAC,54,86,98,43,1.0,4,13,12,5,4,False
BOS,DET,44,95,79,62,0.2,4,19,13,7,5,True
GS,MIA,94,46,73,69,-1.0,9,3,5,5,4,False
IND,LAL,85,55,33,109,-0.33,8,5,2,11,23,False
SAC,OKC,104,37,79,61,-0.6,15,4,14,9,6,False
CHA,BOS,78,62,44,96,-0.6,8,6,4,19,24,False
CLE,NJ,29,114,102,39,1.0,3,13,19,4,19,True
DET,NY,80,62,88,53,-0.14,13,7,8,4,24,False
GS,ORL,95,46,44,99,-1.0,9,3,4,7,27,False
IND,POR,86,55,50,95,-1.0,8,5,3,8,23,False
MEM,NO,86,56,61,81,-0.67,10,4,5,7,4,True
MIN,DAL,106,37,56,87,-0.67,15,5,5,8,3,False
OKC,DEN,79,62,52,89,-0.67,14,9,3,8,29,False
PHI,ATL,78,63,56,85,0.0,12,7,4,8,19,False
PHO,LAC,58,86,98,44,1.0,6,7,12,5,26,True
SAC,HOU,105,37,61,80,-0.6,15,4,4,6,3,True
WAS,MIL,96,43,77,64,0.2,8,3,5,7,13,False
LAL,MIA,33,110,73,70,0.33,2,11,5,5,12,True
MEM,CHI,86,57,70,72,0.0,10,4,7,5,9,True
UTA,PHO,55,86,58,87,-0.2,4,13,6,7,8,True
BOS,PHI,44,97,79,63,0.71,4,19,12,7,10,True
DET,CLE,81,62,29,115,-0.6,13,7,3,13,7,False
GS,ATL,96,46,56,86,0.33,9,3,4,8,5,False
IND,DEN,87,55,52,90,-0.33,8,5,3,8,8,False
LAL,CHA,33,111,79,62,-0.33,2,11,8,6,15,False
MIL,WAS,77,65,97,43,0.0,5,8,8,3,28,True
NO,SA,62,81,51,89,-0.14,5,7,3,6,11,False
NY,TOR,88,54,78,63,-0.33,8,4,7,5,6,False
OKC,LAC,80,62,99,44,-0.33,14,9,12,5,17,True
ORL,NJ,44,100,103,39,0.6,4,7,19,4,10,True
SAC,DAL,105,38,56,88,-0.67,15,4,5,9,8,False
ATL,MIA,56,87,74,70,0.14,4,8,5,5,6,False
CLE,MIL,29,116,77,66,1.0,3,13,5,9,7,False
DAL,CHI,56,89,71,72,-1.0,5,10,7,5,6,True
GS,CHA,97,46,79,63,-0.33,9,3,8,6,11,False
HOU,MIN,62,80,107,37,0.67,4,6,15,5,14,True
IND,PHO,88,55,59,87,0.33,8,5,6,7,8,False
LAC,UTA,100,44,55,87,-0.67,12,5,4,13,22,False
NJ,NY,104,39,89,54,-0.14,19,4,8,4,20,True
SA,MEM,51,90,86,58,0.33,3,6,10,4,10,True
HOU,DET,62,81,82,62,0.33,4,6,13,7,5,True
LAL,ORL,34,111,44,101,-0.33,2,11,4,7,2,False
OKC,SAC,80,63,106,38,0.67,14,9,15,4,6,True
PHI,TOR,80,63,78,64,-0.33,12,7,7,5,13,True
POR,DEN,50,96,52,91,0.0,3,8,3,8,12,False
WAS,BOS,98,43,44,98,-1.0,8,3,4,19,3,False
ATL,NY,57,87,90,54,-0.33,4,8,8,4,1,False
DAL,MIN,56,90,108,37,0.71,5,11,15,5,13,True
GS,NO,98,46,63,81,-0.33,9,3,5,7,4,False
NJ,MEM,104,40,87,58,0.33,19,4,10,4,6,False
SA,CLE,51,91,30,116,-1.0,3,6,3,13,2,False
BOS,MIL,44,99,77,67,0.5,4,19,5,10,2,False
HOU,WAS,62,82,99,43,0.0,4,6,8,3,8,True
LAC,ORL,101,44,44,102,-1.0,12,5,4,7,26,False
MIA,CHA,74,71,79,64,0.0,5,5,8,6,5,False
PHI,IND,80,64,89,55,0.0,12,7,8,5,11,False
SAC,POR,107,38,51,96,-1.0,15,4,3,8,7,False
TOR,LAL,79,64,35,111,-0.33,7,5,2,11,2,False
UTA,CHI,55,88,72,72,-0.33,4,13,7,5,24,True
CHA,PHI,79,65,81,64,0.33,8,6,12,7,15,True
DEN,MIN,52,92,109,37,0.71,3,8,15,5,8,True
LAC,MIA,102,44,75,71,0.33,12,5,5,5,11,False
MEM,BOS,87,59,45,99,-1.0,10,4,4,19,20,True
NJ,DAL,105,40,56,91,-0.33,19,4,5,12,9,False
NO,OKC,63,82,80,64,0.67,5,7,14,9,15,False
NY,SA,90,55,52,91,-1.0,8,4,3,6,10,False
TOR,SAC,80,64,108,38,1.0,7,5,15,4,23,False
UTA,DET,55,89,83,62,0.33,4,13,13,7,11,True
ATL,WAS,58,87,100,43,1.0,4,8,8,3,6,True
CHI,ORL,73,72,44,103,-0.33,7,5,4,7,29,False
POR,GS,51,97,99,46,-0.2,3,8,9,3,5,True
CHI,MIA,74,72,75,72,0.0,7,5,5,5,13,False
CLE,PHI,30,117,82,64,0.67,3,13,12,7,5,True
DEN,NO,52,93,64,82,-0.33,3,8,5,7,7,True
IND,BOS,89,56,46,99,-0.33,8,5,4,19,19,False
LAC,CHA,103,44,79,66,-0.33,12,5,8,6,8,False
LAL,PHO,35,112,59,88,0.43,2,11,6,7,6,True
NJ,OKC,106,40,80,65,-1.0,19,4,14,9,2,False
NY,MEM,91,55,87,60,0.33,8,4,10,4,7,False
POR,SAC,51,98,108,39,1.0,3,8,15,4,16,True
SA,MIN,52,92,110,37,1.0,3,6,15,5,18,True
UTA,MIL,55,90,77,68,0.33,4,13,5,11,8,False
WAS,DET,101,43,84,62,-0.71,8,3,13,7,14,False
DEN,MEM,52,94,87,61,0.6,3,8,10,4,17,True
DET,ATL,84,63,58,88,-0.5,13,7,4,8,13,False
LAC,SA,104,44,52,93,-1.0,12,5,3,6,30,False
NJ,HOU,107,40,62,83,-1.0,19,4,4,6,8,False
NY,DAL,92,55,56,92,-1.0,8,4,5,13,34,True
ORL,WAS,44,104,102,43,0.33,4,7,8,3,14,True
TOR,GS,81,64,100,46,-1.0,7,5,9,3,12,False
BOS,CLE,46,100,30,118,0.0,4,19,3,13,11,False
CHA,ORL,79,67,44,105,-0.71,8,6,4,8,7,True
IND,MIL,90,56,77,69,-0.43,8,5,5,12,4,False
MIN,SAC,111,37,109,39,-0.33,15,5,15,4,14,False
NO,PHO,65,82,60,88,0.0,5,7,6,7,14,False
PHI,MIA,83,64,75,73,-0.2,12,7,5,5,13,False
TOR,POR,82,64,51,99,-1.0,7,5,3,8,11,False
UTA,OKC,56,90,80,66,0.0,4,13,14,9,8,False
DEN,HOU,52,95,62,84,0.0,3,8,4,6,2,False
DET,BOS,85,63,47,100,-0.33,13,7,4,19,26,False
LAL,GS,35,113,100,47,1.0,2,11,9,3,3,True
NO,LAC,66,82,105,44,1.0,5,7,12,5,8,True
NY,PHI,92,56,84,64,-0.67,8,4,12,7,10,True
WAS,UTA,103,43,57,90,0.0,8,3,4,13,23,False
ATL,NJ,58,89,108,40,0.33,4,8,19,4,24,True
CHA,IND,79,68,91,56,0.0,8,6,8,5,5,False
CHI,MEM,75,72,88,61,-0.33,8,5,10,4,7,False
CLE,DET,30,119,86,63,0.67,3,13,13,7,12,True
LAL,SAC,35,114,109,40,0.67,2,11,15,4,7,True
MIN,PHO,112,37,60,89,-0.6,15,5,6,7,38,False
SA,MIA,52,94,75,74,0.33,3,6,5,5,12,True
WAS,DEN,104,43,53,95,-0.33,8,3,3,8,10,False
ATL,TOR,58,90,83,64,0.67,4,8,7,5,1,False
CHI,DAL,76,72,57,92,0.33,9,5,5,13,7,False
IND,CLE,91,57,30,120,-0.67,8,5,3,13,5,False
MEM,HOU,88,62,62,85,-0.33,10,4,4,6,13,False
MIL,LAC,77,70,106,44,0.0,5,13,12,5,8,False
MIN,UTA,113,37,57,91,-0.14,15,5,4,13,22,False
NJ,PHI,109,40,85,64,0.14,19,4,12,7,11,False
NO,GS,66,83,101,47,0.43,5,7,9,3,10,False
NY,BOS,92,57,47,101,-0.67,8,4,4,19,12,False
OKC,CHA,80,67,80,68,0.33,14,9,8,6,8,False
SA,ORL,52,95,45,105,-1.0,3,6,4,8,26,False
NO,DEN,67,83,53,96,0.14,5,7,3,8,13,False
ORL,MIA,45,106,76,74,0.14,4,8,5,5,13,True
BOS,HOU,47,102,62,86,0.0,4,19,4,6,7,True
CHA,ATL,80,69,59,90,-0.33,8,6,4,8,8,True
CLE,CHI,30,121,77,72,0.67,3,13,10,5,7,True
DET,IND,87,63,92,57,0.0,13,7,8,5,4,False
GS,SA,101,48,53,95,-1.0,9,3,3,6,31,False
MIL,SAC,78,70,110,40,0.33,5,13,15,4,19,True
MIN,LAL,114,37,35,115,-1.0,15,5,2,11,8,False
OKC,TOR,81,67,83,65,0.33,14,9,7,5,26,True
PHI,NY,85,65,93,57,0.43,12,7,8,4,4,False
UTA,PHO,57,92,60,90,0.0,4,13,6,7,10,False
WAS,POR,105,43,51,100,-0.33,9,3,3,8,2,False
BOS,DAL,47,103,57,93,0.33,4,19,5,13,9,True
CHA,MIA,80,70,77,74,0.14,8,6,5,5,6,False
CHI,PHI,78,72,86,65,0.43,11,5,12,7,14,True
GS,MEM,102,48,89,62,-0.6,9,3,10,4,16,False
MIL,DEN,78,71,53,97,0.33,5,13,3,8,5,True
NO,UTA,68,83,58,92,-0.6,5,7,4,13,20,False
TOR,NJ,84,65,110,40,0.43,7,5,19,4,10,True
DET,CLE,88,63,30,122,-0.71,13,7,3,13,25,False
HOU,NY,63,86,93,58,0.33,4,6,8,4,4,True
OKC,IND,81,68,92,58,-0.33,14,9,8,5,20,False
POR,PHO,51,101,60,91,0.33,3,8,6,7,6,False
SA,ATL,53,96,60,90,1.0,3,6,4,8,9,True
SAC,LAC,111,40,106,45,0.33,15,4,12,5,13,True
WAS,LAL,106,43,35,116,-1.0,10,3,2,11,7,False
ATL,MIL,61,90,78,72,0.2,4,8,5,13,3,False
BOS,UTA,47,104,58,93,0.33,4,19,4,13,13,False
DAL,NO,58,93,69,83,0.14,5,13,5,7,16,False
HOU,CHI,63,87,78,73,-0.33,4,6,11,5,10,False
MEM,SAC,89,63,111,41,0.33,10,4,15,4,17,True
MIA,NJ,77,75,111,40,0.33,5,5,19,4,10,True
ORL,PHI,45,107,87,65,1.0,4,8,12,7,16,True
PHO,GS,60,92,103,48,0.43,6,7,9,3,2,True
SA,OKC,53,97,82,68,0.14,3,6,14,9,3,True
TOR,MIN,84,66,115,37,1.0,7,5,15,5,6,True
CHA,WAS,81,70,107,43,0.67,8,6,11,3,13,True
DEN,NY,54,97,94,58,1.0,3,8,8,4,5,False
IND,DET,92,59,89,63,0.14,8,5,13,7,15,True
LAC,DAL,107,45,59,93,-0.6,12,5,5,13,10,False
CLE,NO,30,123,69,84,0.33,3,13,5,7,13,True
DEN,BOS,55,97,48,104,0.33,3,8,4,19,14,False
HOU,OKC,64,87,83,68,1.0,4,6,14,9,18,False
LAL,SA,35,117,53,98,0.2,2,11,3,6,9,True
MEM,GS,89,64,104,48,0.67,10,4,9,3,18,False
MIN,CHA,116,37,81,71,-0.33,15,5,8,6,13,False
ORL,ATL,45,108,62,90,0.71,4,8,4,8,2,False
PHI,MIL,88,65,78,73,0.6,12,7,5,13,15,True
SAC,NJ,112,41,112,40,-0.33,15,4,19,4,14,False
UTA,TOR,58,94,84,67,1.0,4,13,7,5,26,True
WAS,IND,108,43,92,60,-0.6,12,3,8,5,17,False
DAL,POR,59,94,52,101,0.2,5,13,3,8,12,False
LAC,HOU,108,45,65,87,-0.67,12,5,4,6,6,True
MIA,CHI,77,76,78,74,0.14,5,5,11,5,29,True
ATL,PHI,62,91,88,66,0.2,4,8,12,7,7,False
CLE,SA,30,124,54,98,1.0,3,13,3,6,5,False
DEN,TOR,56,97,85,67,1.0,3,8,7,5,1,True
DET,NJ,90,63,112,41,0.33,13,7,19,4,8,False
LAL,OKC,35,118,83,69,1.0,2,11,14,9,16,False
MIA,MIL,77,77,79,73,-0.33,5,5,5,13,13,True
MIN,ORL,117,37,46,108,-1.0,15,5,4,8,9,False
NY,PHO,94,59,60,93,0.33,8,4,6,7,36,False
SAC,BOS,113,41,48,105,-1.0,15,4,4,19,8,False
UTA,IND,58,95,92,61,1.0,4,13,8,5,16,False
WAS,CHA,109,43,81,72,-0.71,13,3,8,6,11,False
DAL,GS,60,94,104,49,0.33,5,13,9,3,21,True
LAL,HOU,36,118,66,87,0.71,2,11,4,6,8,True
NJ,CHI,112,42,79,74,-0.2,19,4,11,5,23,False
POR,NO,52,102,70,84,0.0,3,8,5,7,11,True
UTA,WAS,59,95,110,43,0.33,4,13,14,3,16,True
CHI,DET,79,75,91,63,0.71,11,5,13,7,7,True
DEN,ORL,56,98,46,109,0.33,3,8,4,8,6,False
GS,LAC,105,49,108,46,0.33,9,3,12,5,18,True
IND,ATL,92,62,63,91,-0.67,8,5,4,8,10,False
MEM,MIL,90,64,80,73,-0.33,10,4,5,13,9,True
PHO,MIN,60,94,118,37,0.67,6,7,15,5,6,True
POR,OKC,52,103,83,70,0.33,3,8,14,9,5,True
SA,BOS,54,99,48,106,-0.33,3,6,4,19,21,True
SAC,CLE,114,41,31,124,-1.0,15,4,3,13,7,False
TOR,MIA,86,67,77,78,0.33,7,5,5,5,3,False
DEN,DAL,57,98,60,95,0.67,3,8,5,13,16,False
LAL,NO,36,119,71,84,0.33,2,11,5,7,8,False
NY,UTA,95,59,59,96,-0.33,8,4,4,13,5,False
SA,NJ,54,100,113,42,1.0,3,6,19,4,6,False
TOR,CHA,87,67,81,73,0.0,7,5,8,6,2,True
LAC,MIL,109,46,81,73,0.33,12,5,5,13,18,False
OKC,PHI,84,70,88,67,0.33,14,9,12,7,18,True
PHO,CHI,60,95,79,76,-1.0,6,7,11,5,6,True
SAC,IND,115,41,93,62,-0.33,15,4,8,5,7,False
WAS,HOU,111,43,67,87,-0.33,15,3,4,6,4,False
DAL,MEM,60,96,90,65,0.0,5,13,10,4,16,True
GS,UTA,105,50,59,97,-0.2,9,3,4,13,24,False
HOU,SA,67,88,55,100,0.14,4,6,3,6,17,False
LAC,TOR,110,46,87,68,-1.0,12,5,7,5,22,False
LAL,ATL,37,119,63,92,0.33,2,11,4,8,17,False
MIA,DET,77,79,92,63,0.2,5,5,13,7,17,True
MIL,CLE,81,74,31,125,-0.71,5,13,3,13,3,False
NY,POR,96,59,52,104,-0.33,8,4,3,8,28,False
OKC,BOS,84,71,49,106,-1.0,14,9,4,19,5,True
PHI,CHA,89,67,82,73,-0.43,12,7,8,6,19,False
PHO,NJ,60,96,113,43,0.33,6,8,19,4,11,True
SAC,MIN,116,41,119,37,0.43,15,4,16,5,9,False
WAS,NO,112,43,71,85,-1.0,16,3,5,7,5,True
ORL,DAL,46,110,60,97,-0.33,4,8,5,13,15,True
POR,DEN,52,105,58,98,-0.14,3,8,3,8,17,False
ATL,CLE,63,93,31,126,-0.67,4,8,3,13,5,False
CHI,WAS,80,76,112,44,0.0,11,5,16,3,8,True
HOU,BOS,68,88,50,106,-0.33,4,6,4,19,10,True
MIA,IND,77,80,93,63,0.33,5,6,8,5,16,True
MIL,CHA,82,74,82,74,0.43,5,13,8,6,6,True
NO,MEM,72,85,91,65,0.43,5,7,10,4,11,False
NY,GS,97,59,106,50,-0.33,8,4,9,3,11,False
ORL,SA,46,111,55,101,1.0,4,8,3,6,12,False
PHO,DET,60,97,93,63,1.0,6,9,13,7,15,True
UTA,LAL,59,98,38,119,-0.33,4,13,2,11,14,False
CHA,CHI,83,74,80,77,-0.2,8,6,11,5,8,False
DET,ATL,94,63,64,93,-0.6,13,7,4,8,6,False
LAC,DEN,111,46,58,99,-0.67,12,5,3,8,8,False
MIA,MIN,77,81,119,38,-0.33,5,7,16,5,13,True
NO,NJ,73,85,114,43,1.0,5,7,19,4,28,False
OKC,DAL,84,72,61,97,0.0,14,9,5,13,5,True
PHO,MIL,60,98,82,75,1.0,6,10,5,13,9,False
POR,SAC,53,105,117,41,1.0,3,8,15,4,11,True
TOR,PHI,87,69,90,67,0.14,7,5,12,7,14,True
CLE,BOS,31,127,51,106,0.14,3,13,4,19,4,False
GS,TOR,106,51,87,70,1.0,9,3,7,5,1,True
HOU,IND,68,89,94,63,-1.0,4,6,8,5,31,False
MEM,ORL,91,66,47,111,0.33,10,4,4,8,15,False
MIN,OKC,120,38,84,73,-0.43,16,5,14,9,8,False
NJ,WAS,114,44,113,44,-0.43,19,4,16,3,10,False
NY,LAC,98,59,112,46,0.33,8,4,12,5,6,True
SA,LAL,55,102,38,120,-0.33,3,6,2,11,19,True
ATL,CHA,64,94,84,74,0.14,4,8,8,6,9,False
BOS,NY,51,107,98,60,0.71,4,19,8,4,3,False
DET,PHI,95,63,91,67,0.0,13,7,12,7,21,True
GS,WAS,106,52,113,45,-0.33,9,3,16,3,18,False
HOU,MEM,69,89,92,66,0.43,4,6,10,4,10,True
MIL,CHI,82,76,80,78,-0.14,5,13,11,5,5,True
OKC,UTA,84,74,60,98,0.14,14,9,4,13,10,True
SA,SAC,55,103,118,41,1.0,3,6,15,4,9,True
TOR,CLE,88,70,32,127,-0.67,7,5,3,13,12,False
ATL,DET,65,94,95,64,0.67,4,8,13,7,2,False
BOS,TOR,52,107,89,70,0.71,4,19,7,5,11,True
CHA,NO,84,75,74,85,-0.33,8,6,5,7,1,True
DEN,OKC,58,100,84,75,0.71,3,8,14,9,4,True
GS,MIN,107,52,121,38,0.0,9,3,16,5,9,True
MEM,DAL,93,66,62,97,-0.14,10,4,5,13,26,False
NJ,MIL,115,44,82,77,-0.43,19,4,5,13,19,False
NY,IND,98,61,94,64,0.33,8,4,8,5,8,False
PHI,MIA,92,67,77,82,-0.33,12,7,5,8,4,False
POR,LAC,53,106,113,46,0.43,3,8,12,5,8,True
SA,PHO,55,104,61,98,0.33,3,6,6,10,11,False
UTA,HOU,61,98,69,90,0.43,4,13,4,6,17,False
WAS,ORL,113,46,47,112,-0.43,16,3,4,8,27,False
CLE,CHI,32,128,81,78,0.71,3,13,11,5,1,False
LAC,SAC,114,46,119,41,-0.43,12,5,15,4,22,False
LAL,DEN,39,120,58,101,0.14,2,11,3,8,2,False
CHA,HOU,84,76,69,91,-0.33,8,6,4,6,7,False
CHI,NJ,81,79,116,44,0.33,11,5,19,4,13,True
DAL,POR,62,98,53,107,0.0,5,13,3,8,6,True
DET,MIA,95,65,77,83,-0.33,13,7,5,9,7,True
IND,CLE,94,65,33,128,-0.71,8,5,3,13,3,True
LAL,MIN,40,120,122,38,1.0,2,11,16,5,9,True
MEM,SA,94,66,56,104,-0.43,10,4,3,6,8,True
MIL,PHI,82,78,93,67,-0.67,5,13,12,7,5,True
NY,ORL,99,61,47,113,-0.67,8,4,4,8,15,False
PHO,OKC,61,99,85,75,0.67,6,10,14,9,5,False
TOR,ATL,90,70,66,94,-0.43,7,5,4,8,6,False
UTA,NO,62,98,75,85,0.67,4,13,5,7,11,True
WAS,BOS,114,46,52,108,-1.0,16,3,4,19,10,True
ATL,WAS,66,95,114,47,1.0,4,8,16,3,10,True
BOS,MIL,53,108,82,79,0.2,4,19,5,13,15,True
DAL,SAC,62,99,119,42,0.71,5,13,15,4,18,True
DET,CHA,95,66,85,76,0.33,13,7,8,6,4,False
GS,LAC,107,53,115,46,0.43,9,3,12,5,3,False
NJ,IND,117,44,94,66,-0.67,19,4,8,5,13,False
PHI,MEM,94,67,94,67,0.33,12,7,10,4,19,True
SA,DEN,57,104,58,102,-0.33,3,6,3,8,19,True
CHI,TOR,81,80,91,70,-0.33,11,5,7,5,16,True
HOU,PHO,69,92,62,99,-0.33,4,6,6,10,10,False
MIA,NY,78,83,100,61,0.6,5,9,8,4,13,True
MIN,NO,123,38,76,85,-0.67,16,5,5,7,28,False
OKC,GS,85,76,108,53,0.43,14,9,9,3,3,False
ORL,CLE,47,114,34,128,0.0,4,8,3,13,6,True
POR,LAL,54,107,40,121,0.0,3,8,2,11,3,True
ATL,MIL,66,96,83,79,0.0,4,8,5,13,8,True
CHA,NJ,85,77,118,44,-0.33,8,6,19,4,10,True
DAL,LAC,62,100,115,47,0.67,5,13,12,5,23,True
HOU,SAC,70,92,120,42,0.33,4,6,15,4,10,True
MEM,DEN,95,67,59,102,-0.67,10,4,3,8,22,False
MIA,PHI,78,84,94,68,0.43,5,9,12,7,2,True
MIN,SA,124,38,57,105,-1.0,16,5,3,6,22,False
OKC,POR,86,76,54,108,-0.43,14,9,3,8,8,False
ORL,IND,47,115,94,67,0.43,4,8,8,5,20,True
TOR,DET,92,70,96,66,0.0,7,5,13,7,14,True
WAS,NY,115,47,101,61,-0.43,16,3,8,4,11,False
BOS,CHI,53,109,81,81,0.33,4,19,11,5,8,False
DEN,PHO,59,103,62,100,-0.67,3,8,6,10,22,False
SAC,LAL,121,42,41,121,-0.71,15,4,2,11,6,False
UTA,GS,62,99,108,54,0.33,4,13,9,3,9,True
CHI,CHA,81,82,85,78,0.33,11,5,8,6,9,True
CLE,ATL,35,128,66,97,0.71,3,13,4,8,16,False
DET,MIN,97,66,125,38,0.33,13,7,16,5,5,True
GS,POR,109,54,54,109,0.0,9,3,3,8,6,True
IND,WAS,95,67,116,47,0.67,8,5,16,3,1,False
LAL,LAC,41,122,116,47,0.71,2,11,12,5,16,False
MEM,OKC,96,67,87,76,0.0,10,4,14,9,9,False
MIL,BOS,84,79,54,109,-0.33,5,13,4,19,11,True
NJ,MIA,119,44,78,85,-0.43,19,4,5,9,8,True
NO,HOU,76,86,70,93,-0.14,5,7,4,6,8,True
NY,TOR,101,62,92,71,-0.43,8,4,7,5,18,False
PHI,ORL,95,68,47,116,-1.0,12,7,4,8,14,False
PHO,UTA,62,101,62,100,0.14,6,10,4,13,14,True
SA,DAL,57,106,62,101,0.14,3,6,5,13,7,False
